time,pos_x,pos_y,pos_z,ori_x,ori_y,ori_z,ori_w,linear_x,linear_y,linear_z,angular_x,angular_y,angular_z,jarak_cm
1750921276.0245962,0.0,0.0,0.0,0.0,0.0,0.0,1.0,0.0,0.0,0.0,0.0,0.0,0.0,0.0
1750921276.0245962,0.0,0.0,0.0,0.0,0.0,0.0,1.0,0.0,0.0,0.0,0.0,0.0,0.0,0.0
1750921276.224593,0.0,0.0,0.0,0.0,0.0,0.0,1.0,0.0,0.0,0.0,0.0,0.0,0.0,0.0
1750921276.224593,0.0,0.0,0.0,0.0,0.0,0.0,1.0,0.0,0.0,0.0,0.0,0.0,0.0,0.0
1750921276.4246094,0.0,0.0,0.0,0.0,0.0,0.0,1.0,0.0,0.0,0.0,0.0,0.0,0.0,0.0
1750921276.4246094,0.0,0.0,0.0,0.0,0.0,0.0,1.0,0.0,0.0,0.0,0.0,0.0,0.0,0.0
1750921276.6245737,0.0,0.0,0.0,0.0,0.0,0.0,1.0,0.0,0.0,0.0,0.0,0.0,0.0,0.0
1750921276.6245737,0.0,0.0,0.0,0.0,0.0,0.0,1.0,0.0,0.0,0.0,0.0,0.0,0.0,0.0
1750921276.8246243,0.0,0.0,0.0,0.0,0.0,0.0,1.0,0.0,0.0,0.0,0.0,0.0,0.0,0.0
1750921276.8246243,0.0,0.0,0.0,0.0,0.0,0.0,1.0,0.0,0.0,0.0,0.0,0.0,0.0,0.0
1750921277.0247467,0.0,0.0,0.0,0.0,0.0,0.0,1.0,0.0,0.0,0.0,0.0,0.0,0.0,0.0
1750921277.0247467,0.0,0.0,0.0,0.0,0.0,0.0,1.0,0.0,0.0,0.0,0.0,0.0,0.0,0.0
1750921277.2246532,0.0,0.0,0.0,0.0,0.0,0.0,1.0,0.0,0.0,0.0,0.0,0.0,0.0,0.0
1750921277.2246532,0.0,0.0,0.0,0.0,0.0,0.0,1.0,0.0,0.0,0.0,0.0,0.0,0.0,0.0
1750921277.4249706,0.0,0.0,0.0,0.0,0.0,0.0,1.0,0.0,0.0,0.0,0.0,0.0,0.0,0.0
1750921277.4249706,0.0,0.0,0.0,0.0,0.0,0.0,1.0,0.0,0.0,0.0,0.0,0.0,0.0,0.0
1750921277.6245608,0.0,0.0,0.0,0.0,0.0,0.0,1.0,0.0,0.0,0.0,0.0,0.0,0.0,0.0
1750921277.6245608,0.0,0.0,0.0,0.0,0.0,0.0,1.0,0.0,0.0,0.0,0.0,0.0,0.0,0.0
1750921277.8247488,0.0,0.0,0.0,0.0,0.0,0.0,1.0,0.0,0.0,0.0,0.0,0.0,0.0,0.0
1750921277.8247488,0.0,0.0,0.0,0.0,0.0,0.0,1.0,0.0,0.0,0.0,0.0,0.0,0.0,0.0
1750921278.0246255,0.0,0.0,0.0,0.0,0.0,0.0,1.0,0.0,0.0,0.0,0.0,0.0,0.0,0.0
1750921278.0246255,0.0,0.0,0.0,0.0,0.0,0.0,1.0,0.0,0.0,0.0,0.0,0.0,0.0,0.0
1750921278.2248144,0.0,0.0,0.0,0.0,0.0,0.0,1.0,0.0,0.0,0.0,0.0,0.0,0.0,0.0
1750921278.2248144,0.0,0.0,0.0,0.0,0.0,0.0,1.0,0.0,0.0,0.0,0.0,0.0,0.0,0.0
1750921278.4247413,0.0,0.0,0.0,0.0,0.0,0.0,1.0,0.0,0.0,0.0,0.0,0.0,0.0,0.0
1750921278.4247413,0.0,0.0,0.0,0.0,0.0,0.0,1.0,0.0,0.0,0.0,0.0,0.0,0.0,0.0
1750921278.6246495,0.0,0.0,0.0,0.0,0.0,0.0,1.0,0.0,0.0,0.0,0.0,0.0,0.0,0.0
1750921278.6246495,0.0,0.0,0.0,0.0,0.0,0.0,1.0,0.0,0.0,0.0,0.0,0.0,0.0,0.0
1750921278.8246827,0.0,0.0,0.0,0.0,0.0,0.0,1.0,0.0,0.0,0.0,0.0,0.0,0.0,0.0
1750921278.8246827,0.0,0.0,0.0,0.0,0.0,0.0,1.0,0.0,0.0,0.0,0.0,0.0,0.0,0.0
1750921279.0245817,0.0,0.0,0.0,0.0,0.0,0.0,1.0,0.0,0.0,0.0,0.0,0.0,0.0,0.0
1750921279.0245817,0.0,0.0,0.0,0.0,0.0,0.0,1.0,0.0,0.0,0.0,0.0,0.0,0.0,0.0
1750921279.224585,0.0,0.0,0.0,0.0,0.0,0.0,1.0,0.0,0.0,0.0,0.0,0.0,0.0,0.0
1750921279.224585,0.0,0.0,0.0,0.0,0.0,0.0,1.0,0.0,0.0,0.0,0.0,0.0,0.0,0.0
1750921279.4246435,0.0,0.0,0.0,0.0,0.0,0.0,1.0,0.0,0.0,0.0,0.0,0.0,0.0,0.0
1750921279.4246435,0.0,0.0,0.0,0.0,0.0,0.0,1.0,0.0,0.0,0.0,0.0,0.0,0.0,0.0
1750921279.6246505,0.0,0.0,0.0,0.0,0.0,0.0,1.0,0.0,0.0,0.0,0.0,0.0,0.0,0.0
1750921279.6246505,0.0,0.0,0.0,0.0,0.0,0.0,1.0,0.0,0.0,0.0,0.0,0.0,0.0,0.0
1750921279.824603,0.0,0.0,0.0,0.0,0.0,0.0,1.0,0.0,0.0,0.0,0.0,0.0,0.0,0.0
1750921279.824603,0.0,0.0,0.0,0.0,0.0,0.0,1.0,0.0,0.0,0.0,0.0,0.0,0.0,0.0
1750921280.0244594,0.0,0.0,0.0,0.0,0.0,0.0,1.0,0.0,0.0,0.0,0.0,0.0,0.0,0.0
1750921280.0244594,0.0,0.0,0.0,0.0,0.0,0.0,1.0,0.0,0.0,0.0,0.0,0.0,0.0,0.0
1750921280.2246234,0.0,0.0,0.0,0.0,0.0,0.0,1.0,0.0,0.0,0.0,0.0,0.0,0.0,0.0
1750921280.2246234,0.0,0.0,0.0,0.0,0.0,0.0,1.0,0.0,0.0,0.0,0.0,0.0,0.0,0.0
1750921280.4246442,0.0,0.0,0.0,0.0,0.0,0.0,1.0,0.0,0.0,0.0,0.0,0.0,0.0,0.0
1750921280.4246442,0.0,0.0,0.0,0.0,0.0,0.0,1.0,0.0,0.0,0.0,0.0,0.0,0.0,0.0
1750921280.6246157,0.0,0.0,0.0,0.0,0.0,0.0,1.0,0.0,0.0,0.0,0.0,0.0,0.0,0.0
1750921280.6246157,0.0,0.0,0.0,0.0,0.0,0.0,1.0,0.0,0.0,0.0,0.0,0.0,0.0,0.0
1750921280.8247862,0.0,0.0,0.0,0.0,0.0,0.0,1.0,0.0,0.0,0.0,0.0,0.0,0.0,0.0
1750921280.8247862,0.0,0.0,0.0,0.0,0.0,0.0,1.0,0.0,0.0,0.0,0.0,0.0,0.0,0.0
1750921281.0247872,0.0,0.0,0.0,0.0,0.0,0.0,1.0,0.0,0.0,0.0,0.0,0.0,0.0,0.0
1750921281.0247872,0.0,0.0,0.0,0.0,0.0,0.0,1.0,0.0,0.0,0.0,0.0,0.0,0.0,0.0
1750921281.2246814,0.0,0.0,0.0,0.0,0.0,0.0,1.0,0.0,0.0,0.0,0.0,0.0,0.0,0.0
1750921281.2246814,0.0,0.0,0.0,0.0,0.0,0.0,1.0,0.0,0.0,0.0,0.0,0.0,0.0,0.0
1750921281.4246726,0.0,0.0,0.0,0.0,0.0,0.0,1.0,0.0,0.0,0.0,0.0,0.0,0.0,0.0
1750921281.4246726,0.0,0.0,0.0,0.0,0.0,0.0,1.0,0.0,0.0,0.0,0.0,0.0,0.0,0.0
1750921281.6245635,0.0,0.0,0.0,0.0,0.0,0.0,1.0,0.0,0.0,0.0,0.0,0.0,0.0,0.0
1750921281.6245635,0.0,0.0,0.0,0.0,0.0,0.0,1.0,0.0,0.0,0.0,0.0,0.0,0.0,0.0
1750921281.8247755,0.0,0.0,0.0,0.0,0.0,0.0,1.0,0.0,0.0,0.0,0.0,0.0,0.0,0.0
1750921281.8247755,0.0,0.0,0.0,0.0,0.0,0.0,1.0,0.0,0.0,0.0,0.0,0.0,0.0,0.0
1750921282.024668,0.0,0.0,0.0,0.0,0.0,0.0,1.0,0.0,0.0,0.0,0.0,0.0,0.0,0.0
1750921282.024668,0.0,0.0,0.0,0.0,0.0,0.0,1.0,0.0,0.0,0.0,0.0,0.0,0.0,0.0
1750921282.2247143,0.0,0.0,0.0,0.0,0.0,0.0,1.0,0.0,0.0,0.0,0.0,0.0,0.0,0.0
1750921282.2247143,0.0,0.0,0.0,0.0,0.0,0.0,1.0,0.0,0.0,0.0,0.0,0.0,0.0,0.0
1750921282.4247344,0.0,0.0,0.0,0.0,0.0,0.0,1.0,0.0,0.0,0.0,0.0,0.0,0.0,0.0
1750921282.4247344,0.0,0.0,0.0,0.0,0.0,0.0,1.0,0.0,0.0,0.0,0.0,0.0,0.0,0.0
1750921282.6246638,0.0,0.0,0.0,0.0,0.0,0.0,1.0,0.0,0.0,0.0,0.0,0.0,0.0,0.0
1750921282.6246638,0.0,0.0,0.0,0.0,0.0,0.0,1.0,0.0,0.0,0.0,0.0,0.0,0.0,0.0
1750921282.824607,0.0,0.0,0.0,0.0,0.0,0.0,1.0,0.0,0.0,0.0,0.0,0.0,0.0,0.0
1750921282.824607,0.0,0.0,0.0,0.0,0.0,0.0,1.0,0.0,0.0,0.0,0.0,0.0,0.0,0.0
1750921283.0245693,0.0,0.0,0.0,0.0,0.0,0.0,1.0,0.0,0.0,0.0,0.0,0.0,0.0,0.0
1750921283.0245693,0.0,0.0,0.0,0.0,0.0,0.0,1.0,0.0,0.0,0.0,0.0,0.0,0.0,0.0
1750921284.0872037,0.0,0.0,0.0,0.0,0.0,0.0,1.0,0.0,0.0,0.0,0.0,0.0,0.0,0.0
1750921284.0872037,0.0,0.0,0.0,0.0,0.0,0.0,1.0,0.0,0.0,0.0,0.0,0.0,0.0,0.0
1750921284.1191778,0.0,0.0,0.0,0.0,0.0,0.0,1.0,0.0,0.0,0.0,0.0,0.0,0.0,0.0
1750921284.1191778,0.0,0.0,0.0,0.0,0.0,0.0,1.0,0.0,0.0,0.0,0.0,0.0,0.0,0.0
1750921284.1517391,0.0,0.0,0.0,0.0,0.0,0.0,1.0,0.0,0.0,0.0,0.0,0.0,0.0,0.0
1750921284.1517391,0.0,0.0,0.0,0.0,0.0,0.0,1.0,0.0,0.0,0.0,0.0,0.0,0.0,0.0
1750921284.1840498,0.0,0.0,0.0,0.0,0.0,0.0,1.0,0.0,0.0,0.0,0.0,0.0,0.0,0.0
1750921284.1840498,0.0,0.0,0.0,0.0,0.0,0.0,1.0,0.0,0.0,0.0,0.0,0.0,0.0,0.0
1750921284.2159877,0.0,0.0,0.0,0.0,0.0,0.0,1.0,0.0,0.0,0.0,0.0,0.0,0.0,0.0
1750921284.2159877,0.0,0.0,0.0,0.0,0.0,0.0,1.0,0.0,0.0,0.0,0.0,0.0,0.0,0.0
1750921284.2478917,0.0,0.0,0.0,0.0,0.0,0.0,1.0,0.0,0.0,0.0,0.0,0.0,0.0,0.0
1750921284.2478917,0.0,0.0,0.0,0.0,0.0,0.0,1.0,0.0,0.0,0.0,0.0,0.0,0.0,0.0
1750921284.4245555,0.0,0.0,0.0,0.0,0.0,0.0,1.0,0.0,0.0,0.0,0.0,0.0,0.0,0.0
1750921284.4245555,0.0,0.0,0.0,0.0,0.0,0.0,1.0,0.0,0.0,0.0,0.0,0.0,0.0,0.0
1750921284.6247225,0.00044645782576983216,6.644167721336913e-07,0.0,0.0,0.0,0.0014881944005358863,0.9999988926380999,0.0035479018743700464,0.0,0.0,0.0,0.0,0.02365267916246698,0.04
1750921284.6247225,0.00044645782576983216,6.644167721336913e-07,0.0,0.0,0.0,0.0014881944005358863,0.9999988926380999,0.0035479018743700464,0.0,0.0,0.0,0.0,0.02365267916246698,0.04
1750921284.8247468,0.002232210027166958,1.661012500545622e-05,0.0,0.0,0.0,0.007440906084041563,0.9999723160751244,0.01441749986199009,0.0,0.0,0.0,0.0,0.09611666574660063,0.22
1750921284.8247468,0.002232210027166958,1.661012500545622e-05,0.0,0.0,0.0,0.007440906084041563,0.9999723160751244,0.01441749986199009,0.0,0.0,0.0,0.0,0.09611666574660063,0.22
1750921285.0247917,0.011150536774892627,0.00042434976438606727,0.0,0.0,0.0,0.03719629115982371,0.999307978515109,0.053764059592532554,0.0,0.0,0.0,0.0,0.3575634220367704,1.12
1750921285.0247917,0.011150536774892627,0.00042434976438606727,0.0,0.0,0.0,0.03719629115982371,0.999307978515109,0.053764059592532554,0.0,0.0,0.0,0.0,0.3575634220367704,1.12
1750921285.2249293,0.03473842109729743,0.0022980269801101813,0.0,0.0,0.0,0.03570908543203102,0.9993622272317519,0.12841175333386118,0.0,0.0,0.0,0.0,-0.09544961271155819,3.48
1750921285.2249293,0.03473842109729743,0.0022980269801101813,0.0,0.0,0.0,0.03570908543203102,0.9993622272317519,0.12841175333386118,0.0,0.0,0.0,0.0,-0.09544961271155819,3.48
1750921285.424877,0.06635969082335837,0.004509399517771681,0.0,0.0,0.0,0.037196291159823675,0.999307978515109,0.16440533319718859,0.0,0.0,0.0,0.0,0.047909135718288795,6.65
1750921285.424877,0.06635969082335837,0.004509399517771681,0.0,0.0,0.0,0.037196291159823675,0.999307978515109,0.16440533319718859,0.0,0.0,0.0,0.0,0.047909135718288795,6.65
1750921285.6251385,0.09926039581969409,0.007505689513848163,0.0,0.0,0.0,0.04909069468491688,0.9987943250215994,0.160379574778523,0.0,0.0,0.0,0.0,0.07103395318787162,9.95
1750921285.6251385,0.09926039581969409,0.007505689513848163,0.0,0.0,0.0,0.04909069468491688,0.9987943250215994,0.160379574778523,0.0,0.0,0.0,0.0,0.07103395318787162,9.95
1750921285.8251152,0.12945148336396653,0.010692961300259977,0.0,0.0,0.0,0.05800702320793336,0.998316174995955,0.15011759763587365,0.0,0.0,0.0,0.0,0.09515964266597146,12.99
1750921285.8251152,0.12945148336396653,0.010692961300259977,0.0,0.0,0.0,0.05800702320793336,0.998316174995955,0.15011759763587365,0.0,0.0,0.0,0.0,0.09515964266597146,12.99
1750921286.025031,0.16177625391615094,0.014850767581943392,0.0,0.0,0.0,0.06840351126245704,0.9976577367248585,0.1608435654876749,0.0,0.0,0.0,0.0,0.07156897688459135,16.25
1750921286.025031,0.16177625391615094,0.014850767581943392,0.0,0.0,0.0,0.06840351126245704,0.9976577367248585,0.1608435654876749,0.0,0.0,0.0,0.0,0.07156897688459135,16.25
1750921286.225094,0.19752937351091102,0.02027498413777202,0.0,0.0,0.0,0.07879257613340666,0.9968910321325302,0.185908213776344,0.0,0.0,0.0,0.0,0.09522381412255639,19.86
1750921286.225094,0.19752937351091102,0.02027498413777202,0.0,0.0,0.0,0.07879257613340666,0.9968910321325302,0.185908213776344,0.0,0.0,0.0,0.0,0.09522381412255639,19.86
1750921286.4250271,0.23630576949959997,0.02659520293970137,0.0,0.0,0.0,0.0817593591442482,0.9966520993768697,0.19297900155801181,0.0,0.0,0.0,0.0,0.048107859868223864,23.78
1750921286.4250271,0.23630576949959997,0.02659520293970137,0.0,0.0,0.0,0.0817593591442482,0.9966520993768697,0.19297900155801181,0.0,0.0,0.0,0.0,0.048107859868223864,23.78
1750921286.6250935,0.2720465784417086,0.0321022235290615,0.0,0.0,0.0,0.07434110105436567,0.9972328718479072,0.18213490177665106,0.0,0.0,0.0,0.0,-0.023879164130191165,27.39
1750921286.6250935,0.2720465784417086,0.0321022235290615,0.0,0.0,0.0,0.07434110105436567,0.9972328718479072,0.18213490177665106,0.0,0.0,0.0,0.0,-0.023879164130191165,27.39
1750921286.8254323,0.3069315495851757,0.03729953637994714,0.0,0.0,0.0,0.06988814417246016,0.9975548342342537,0.17479957832293605,0.0,0.0,0.0,0.0,-0.07079494257197773,30.92
1750921286.8254323,0.3069315495851757,0.03729953637994714,0.0,0.0,0.0,0.06988814417246016,0.9975548342342537,0.17479957832293605,0.0,0.0,0.0,0.0,-0.07079494257197773,30.92
1750921287.0250616,0.343163919716942,0.04253963693719933,0.0,0.0,0.0,0.075825095107777,0.9971211335399007,0.18633732075176576,0.0,0.0,0.0,0.0,0.09945829047322338,34.58
1750921287.0250616,0.343163919716942,0.04253963693719933,0.0,0.0,0.0,0.075825095107777,0.9971211335399007,0.18633732075176576,0.0,0.0,0.0,0.0,0.09945829047322338,34.58
1750921287.225118,0.3810629799125696,0.04868934906476946,0.0,0.0,0.0,0.08472541785789658,0.9964043373895984,0.1926862202223085,0.0,0.0,0.0,0.0,0.09551713560707084,38.42
1750921287.225118,0.3810629799125696,0.04868934906476946,0.0,0.0,0.0,0.08472541785789658,0.9964043373895984,0.1926862202223085,0.0,0.0,0.0,0.0,0.09551713560707084,38.42
1750921287.4251208,0.4210831917384556,0.05568842819296423,0.0,0.0,0.0,0.08620816739176973,0.9962771461169591,0.20707618215983983,0.0,0.0,0.0,0.0,-0.0003407044579528423,42.47
1750921287.4251208,0.4210831917384556,0.05568842819296423,0.0,0.0,0.0,0.08620816739176973,0.9962771461169591,0.20707618215983983,0.0,0.0,0.0,0.0,-0.0003407044579528423,42.47
1750921287.6252716,0.46203655857197146,0.06252649045337735,0.0,0.0,0.0,0.08175935914424828,0.9966520993768697,0.20691080382117394,0.0,0.0,0.0,0.0,0.0007731890909002383,46.62
1750921287.6252716,0.46203655857197146,0.06252649045337735,0.0,0.0,0.0,0.08175935914424828,0.9966520993768697,0.20691080382117394,0.0,0.0,0.0,0.0,0.0007731890909002383,46.62
1750921287.8251147,0.501181571883358,0.06934328882479066,0.0,0.0,0.0,0.09213722342204116,0.9957463191295647,0.1969701540571418,0.0,0.0,0.0,0.0,0.11989816853762067,50.6
1750921287.8251147,0.501181571883358,0.06934328882479066,0.0,0.0,0.0,0.09213722342204116,0.9957463191295647,0.1969701540571418,0.0,0.0,0.0,0.0,0.11989816853762067,50.6
1750921288.0251832,0.5400136633677627,0.07774380108405755,0.0,0.0,0.0,0.11729675021409847,0.9930969098679199,0.20346709300796723,0.0,0.0,0.0,0.0,0.21382443196661508,54.56
1750921288.0251832,0.5400136633677627,0.07774380108405755,0.0,0.0,0.0,0.11729675021409847,0.9930969098679199,0.20346709300796723,0.0,0.0,0.0,0.0,0.21382443196661508,54.56
1750921288.225041,0.5799687683034165,0.08726513733551101,0.0,0.0,0.0,0.1202520699022998,0.9927433906524951,0.19989854579455468,0.0,0.0,0.0,0.0,0.0952307175166532,58.65
1750921288.225041,0.5799687683034165,0.08726513733551101,0.0,0.0,0.0,0.1202520699022998,0.9927433906524951,0.19989854579455468,0.0,0.0,0.0,0.0,0.0952307175166532,58.65
1750921288.425093,0.6193712426237228,0.09716716766501174,0.0,0.0,0.0,0.12172933189487711,0.9925633328692063,0.2092257064996248,0.0,0.0,0.0,0.0,-0.047961001543321016,62.69
1750921288.425093,0.6193712426237228,0.09716716766501174,0.0,0.0,0.0,0.12172933189487711,0.9925633328692063,0.2092257064996248,0.0,0.0,0.0,0.0,-0.047961001543321016,62.69
1750921288.625149,0.6605526808579124,0.1073136474472688,0.0,0.0,0.0,0.11434039140685498,0.9934416313467678,0.21086649298508386,0.0,0.0,0.0,0.0,-0.11900724360700324,66.92
1750921288.625149,0.6605526808579124,0.1073136474472688,0.0,0.0,0.0,0.11434039140685498,0.9934416313467678,0.21086649298508386,0.0,0.0,0.0,0.0,-0.11900724360700324,66.92
1750921288.8250303,0.701425729356519,0.11683353141933908,0.0,0.0,0.0,0.114340391406855,0.9934416313467678,0.20738837203984478,0.0,0.0,0.0,0.0,-0.00021705164739221225,71.11
1750921288.8250303,0.701425729356519,0.11683353141933908,0.0,0.0,0.0,0.114340391406855,0.9934416313467678,0.20738837203984478,0.0,0.0,0.0,0.0,-0.00021705164739221225,71.11
1750921289.0250835,0.7432956543002894,0.12598834235647874,0.0,0.0,0.0,0.10546534221608997,0.9944229792152045,0.21440105759491496,0.0,0.0,0.0,0.0,-0.04751040722381249,75.39
1750921289.0250835,0.7432956543002894,0.12598834235647874,0.0,0.0,0.0,0.10546534221608997,0.9944229792152045,0.21440105759491496,0.0,0.0,0.0,0.0,-0.04751040722381249,75.39
1750921289.2251663,0.7856496763960327,0.1350207258391371,0.0,0.0,0.0,0.10398533071835589,0.9945788309608214,0.21782931607251718,0.0,0.0,0.0,0.0,-0.023612205948468454,79.72
1750921289.2251663,0.7856496763960327,0.1350207258391371,0.0,0.0,0.0,0.10398533071835589,0.9945788309608214,0.21782931607251718,0.0,0.0,0.0,0.0,-0.023612205948468454,79.72
1750921289.4251113,0.8292731949008224,0.14451775570025074,0.0,0.0,0.0,0.11286183051763214,0.9936106919776021,0.2216011160730746,0.0,0.0,0.0,0.0,0.0958533472171056,84.18
1750921289.4251113,0.8292731949008224,0.14451775570025074,0.0,0.0,0.0,0.11286183051763214,0.9936106919776021,0.2216011160730746,0.0,0.0,0.0,0.0,0.0958533472171056,84.18
1750921289.6254303,0.8718181175588554,0.15472374546416717,0.0,0.0,0.0,0.12468304381835651,0.9921966229453665,0.22477566824401976,0.0,0.0,0.0,0.0,0.16742292460457361,88.54
1750921289.6254303,0.8718181175588554,0.15472374546416717,0.0,0.0,0.0,0.12468304381835651,0.9921966229453665,0.22477566824401976,0.0,0.0,0.0,0.0,0.16742292460457361,88.54
1750921289.8253608,0.9154990037834678,0.16591717333570805,0.0,0.0,0.0,0.12320632429060613,0.9923810768322812,0.23189229666018502,0.0,0.0,0.0,0.0,-0.023568338384209218,93.04
1750921289.8253608,0.9154990037834678,0.16591717333570805,0.0,0.0,0.0,0.12320632429060613,0.9923810768322812,0.23189229666018502,0.0,0.0,0.0,0.0,-0.023568338384209218,93.04
1750921290.025306,0.9648294929693157,0.1784442502668614,0.0,0.0,0.0,0.12615948720760192,0.9920099716169767,0.25711219261140245,0.0,0.0,0.0,0.0,0.04778330739459309,98.12
1750921290.025306,0.9648294929693157,0.1784442502668614,0.0,0.0,0.0,0.12615948720760192,0.9920099716169767,0.25711219261140245,0.0,0.0,0.0,0.0,0.04778330739459309,98.12
1750921290.2256365,1.0099972463671596,0.19097586602523547,0.0,0.0,0.0,0.14532663571927856,0.989383731901084,0.2342516775767181,0.0,0.0,0.0,0.0,0.2162557883180285,102.79
1750921290.2256365,1.0099972463671596,0.19097586602523547,0.0,0.0,0.0,0.14532663571927856,0.989383731901084,0.2342516775767181,0.0,0.0,0.0,0.0,0.2162557883180285,102.79
1750921290.4252381,1.0530950122533453,0.20423715996993702,0.0,0.0,0.0,0.15268452393776769,0.98827498002828,0.2324515695093697,0.0,0.0,0.0,0.0,0.07116620357990458,107.27
1750921290.4252381,1.0530950122533453,0.20423715996993702,0.0,0.0,0.0,0.15268452393776769,0.98827498002828,0.2324515695093697,0.0,0.0,0.0,0.0,0.07116620357990458,107.27
1750921290.6130676,1.094372812776148,0.21733630611140337,0.0,0.0,0.0,0.15415510015221104,0.9880466613966477,0.23365162348102989,0.0,0.0,0.0,0.0,0.028012831566148977,111.57
1750921290.6130676,1.094372812776148,0.21733630611140337,0.0,0.0,0.0,0.15415510015221104,0.9880466613966477,0.23365162348102989,0.0,0.0,0.0,0.0,0.028012831566148977,111.57
1750921290.8253076,1.1477023655379746,0.23377513006948195,0.0,0.0,0.0,0.14385407946030257,0.989598910580761,0.271495867494441,0.0,0.0,0.0,0.0,-0.09513899402275541,117.13
1750921290.8253076,1.1477023655379746,0.23377513006948195,0.0,0.0,0.0,0.14385407946030257,0.989598910580761,0.271495867494441,0.0,0.0,0.0,0.0,-0.09513899402275541,117.13
1750921291.0253239,1.192719786432341,0.24685110924209444,0.0,0.0,0.0,0.14238120460427345,0.9898118975721781,0.22862164090694673,0.0,0.0,0.0,0.0,0.04748804157279556,121.8
1750921291.0253239,1.192719786432341,0.24685110924209444,0.0,0.0,0.0,0.14238120460427345,0.9898118975721781,0.22862164090694673,0.0,0.0,0.0,0.0,0.04748804157279556,121.8
1750921291.2253802,1.2337204127521737,0.2593349746453111,0.0,0.0,0.0,0.1541551001522114,0.9880466613966477,0.21042466541360758,0.0,0.0,0.0,0.0,0.11877147508838429,126.07
1750921291.2253802,1.2337204127521737,0.2593349746453111,0.0,0.0,0.0,0.1541551001522114,0.9880466613966477,0.21042466541360758,0.0,0.0,0.0,0.0,0.11877147508838429,126.07
1750921291.4253607,1.2744143267121097,0.2727865900230181,0.0,0.0,0.0,0.16297127386964494,0.9866308143846436,0.21425274485185178,0.0,0.0,0.0,0.0,0.047348418652617005,130.33
1750921291.4253607,1.2744143267121097,0.2727865900230181,0.0,0.0,0.0,0.16297127386964494,0.9866308143846436,0.21425274485185178,0.0,0.0,0.0,0.0,0.047348418652617005,130.33
1750921291.6169746,1.3110584476087324,0.2856633896634987,0.0,0.0,0.0,0.17617095202147118,0.9843595865657268,0.20061301416883617,0.0,0.0,0.0,0.0,0.1921119996773453,134.18
1750921291.6169746,1.3110584476087324,0.2856633896634987,0.0,0.0,0.0,0.17617095202147118,0.9843595865657268,0.20061301416883617,0.0,0.0,0.0,0.0,0.1921119996773453,134.18
1750921291.8254464,1.35379039423858,0.30264141893841134,0.0,0.0,0.0,0.19809901926990012,0.9801820129773366,0.2247682915460842,0.0,0.0,0.0,0.0,0.2143174085294457,138.72
1750921291.8254464,1.35379039423858,0.30264141893841134,0.0,0.0,0.0,0.19809901926990012,0.9801820129773366,0.2247682915460842,0.0,0.0,0.0,0.0,0.2143174085294457,138.72
1750921292.0253637,1.3994921425246174,0.3229277704319004,0.0,0.0,0.0,0.21266356372552075,0.977125482557671,0.25707238638141755,0.0,0.0,0.0,0.0,0.09516107990833708,143.63
1750921292.0253637,1.3994921425246174,0.3229277704319004,0.0,0.0,0.0,0.21266356372552075,0.977125482557671,0.25707238638141755,0.0,0.0,0.0,0.0,0.09516107990833708,143.63
1750921292.2253358,1.447953982422108,0.3457652622235758,0.0,0.0,0.0,0.2242814430369671,0.9745244144244185,0.2675474487297367,0.0,0.0,0.0,0.0,0.11895620193121373,148.87
1750921292.2253358,1.447953982422108,0.3457652622235758,0.0,0.0,0.0,0.2242814430369671,0.9745244144244185,0.2675474487297367,0.0,0.0,0.0,0.0,0.11895620193121373,148.87
1750921292.425394,1.48368190214052,0.3641420690792999,0.0,0.0,0.0,0.2445352495441179,0.969640403309596,0.19276623221295117,0.0,0.0,0.0,0.0,0.1906646713170932,152.77
1750921292.425394,1.48368190214052,0.3641420690792999,0.0,0.0,0.0,0.2445352495441179,0.969640403309596,0.19276623221295117,0.0,0.0,0.0,0.0,0.1906646713170932,152.77
1750921292.6254268,1.5156887860711024,0.3819120558320557,0.0,0.0,0.0,0.2531834698595839,0.9674182810914115,0.1855751042704062,0.0,0.0,0.0,0.0,0.047184024874801125,156.31
1750921292.6254268,1.5156887860711024,0.3819120558320557,0.0,0.0,0.0,0.2531834698595839,0.9674182810914115,0.1855751042704062,0.0,0.0,0.0,0.0,0.047184024874801125,156.31
1750921292.825233,1.5506310340598393,0.40175060644705524,0.0,0.0,0.0,0.25606175814653204,0.9666604243553715,0.2036205922569732,0.0,0.0,0.0,0.0,0.024159360640498534,160.18
1750921292.825233,1.5506310340598393,0.40175060644705524,0.0,0.0,0.0,0.25606175814653204,0.9666604243553715,0.2036205922569732,0.0,0.0,0.0,0.0,0.024159360640498534,160.18
1750921293.0254903,1.5891674711302204,0.423394602529868,0.0,0.0,0.0,0.24886183991926797,0.9685389948948864,0.22491097001437424,0.0,0.0,0.0,0.0,-0.11918618743151348,164.46
1750921293.0254903,1.5891674711302204,0.423394602529868,0.0,0.0,0.0,0.24886183991926797,0.9685389948948864,0.22491097001437424,0.0,0.0,0.0,0.0,-0.11918618743151348,164.46
1750921293.2253711,1.6293882006503102,0.4456862641885557,0.0,0.0,0.0,0.2531834698595832,0.9674182810914116,0.22497126170238113,0.0,0.0,0.0,0.0,0.07157212728409687,168.92
1750921293.2253711,1.6293882006503102,0.4456862641885557,0.0,0.0,0.0,0.2531834698595832,0.9674182810914116,0.22497126170238113,0.0,0.0,0.0,0.0,0.07157212728409687,168.92
1750921293.4252632,1.6725877448735254,0.47086574657419095,0.0,0.0,0.0,0.26468291057617566,0.9643355001496752,0.25361002934751986,0.0,0.0,0.0,0.0,0.071769907435309,173.76
1750921293.4252632,1.6725877448735254,0.47086574657419095,0.0,0.0,0.0,0.26468291057617566,0.9643355001496752,0.25361002934751986,0.0,0.0,0.0,0.0,0.071769907435309,173.76
1750921293.625275,1.7148645014915909,0.4967189403107358,0.0,0.0,0.0,0.2775748566655909,0.9607040121426977,0.25015724439332343,0.0,0.0,0.0,0.0,0.14324627190763967,178.54
1750921293.625275,1.7148645014915909,0.4967189403107358,0.0,0.0,0.0,0.2775748566655909,0.9607040121426977,0.25015724439332343,0.0,0.0,0.0,0.0,0.14324627190763967,178.54
1750921293.8253868,1.7534565513683165,0.5208937653755541,0.0,0.0,0.0,0.27757485666559156,0.9607040121426975,0.2141876681146892,0.0,0.0,0.0,0.0,0.04776471848412233,182.92
1750921293.8253868,1.7534565513683165,0.5208937653755541,0.0,0.0,0.0,0.27757485666559156,0.9607040121426975,0.2141876681146892,0.0,0.0,0.0,0.0,0.04776471848412233,182.92
1750921294.025266,1.7870773145005927,0.5428939781826335,0.0,0.0,0.0,0.2975291731215674,0.9547127270239967,0.1965432899847422,0.0,0.0,0.0,0.0,0.21439008621368377,186.77
1750921294.025266,1.7870773145005927,0.5428939781826335,0.0,0.0,0.0,0.2975291731215674,0.9547127270239967,0.1965432899847422,0.0,0.0,0.0,0.0,0.21439008621368377,186.77
1750921294.2252836,1.8235635273140083,0.5693852167441334,0.0,0.0,0.0,0.31594272437975957,0.9487782643544778,0.22852452795471506,0.0,0.0,0.0,0.0,0.1425045779662023,191.04
1750921294.2252836,1.8235635273140083,0.5693852167441334,0.0,0.0,0.0,0.31594272437975957,0.9487782643544778,0.22852452795471506,0.0,0.0,0.0,0.0,0.1425045779662023,191.04
1750921294.4252114,1.8605583655477391,0.5974402802880175,0.0,0.0,0.0,0.3300268877604506,0.9439715320681821,0.2287962349846328,0.0,0.0,0.0,0.0,0.23842187882811244,195.41
1750921294.4252114,1.8605583655477391,0.5974402802880175,0.0,0.0,0.0,0.3300268877604506,0.9439715320681821,0.2287962349846328,0.0,0.0,0.0,0.0,0.23842187882811244,195.41
1750921294.6252768,1.8919015247069226,0.6232856128499003,0.0,0.0,0.0,0.34822656551543385,0.9374104005553412,0.1964516571351477,0.0,0.0,0.0,0.0,0.21416328671017637,199.19
1750921294.6252768,1.8919015247069226,0.6232856128499003,0.0,0.0,0.0,0.34822656551543385,0.9374104005553412,0.1964516571351477,0.0,0.0,0.0,0.0,0.21416328671017637,199.19
1750921294.825414,1.9208708393373686,0.6491582821696116,0.0,0.0,0.0,0.35797283999843904,0.9337319989287354,0.19310191836529678,0.0,0.0,0.0,0.0,0.04865280448704721,202.76
1750921294.825414,1.9208708393373686,0.6491582821696116,0.0,0.0,0.0,0.35797283999843904,0.9337319989287354,0.19310191836529678,0.0,0.0,0.0,0.0,0.04865280448704721,202.76
1750921295.0253224,1.951356053310801,0.6753262302195404,0.0,0.0,0.0,0.3356402619098812,0.9419902412366417,0.2069451323183215,0.0,0.0,0.0,0.0,-0.2855343841014397,206.49
1750921295.0253224,1.951356053310801,0.6753262302195404,0.0,0.0,0.0,0.3356402619098812,0.9419902412366417,0.2069451323183215,0.0,0.0,0.0,0.0,-0.2855343841014397,206.49
1750921295.2252862,1.9838898907213813,0.7011229003717379,0.0,0.0,0.0,0.32580917163271217,0.9454355523672705,0.2073142706102598,0.0,0.0,0.0,0.0,-0.047380606770639974,210.41
1750921295.2252862,1.9838898907213813,0.7011229003717379,0.0,0.0,0.0,0.32580917163271217,0.9454355523672705,0.2073142706102598,0.0,0.0,0.0,0.0,-0.047380606770639974,210.41
1750921295.4251814,2.0155413359221583,0.7258760299500845,0.0,0.0,0.0,0.32580917163271145,0.9454355523672707,0.21115107131552868,0.0,0.0,0.0,0.0,0.023909532227504856,214.23
1750921295.4251814,2.0155413359221583,0.7258760299500845,0.0,0.0,0.0,0.32580917163271145,0.9454355523672707,0.21115107131552868,0.0,0.0,0.0,0.0,0.023909532227504856,214.23
1750921295.6253006,2.049537214074592,0.7534158184334435,0.0,0.0,0.0,0.33984249822581597,0.9404823636834644,0.21775528016883614,0.0,0.0,0.0,0.0,0.11893235377424963,218.36
1750921295.6253006,2.049537214074592,0.7534158184334435,0.0,0.0,0.0,0.33984249822581597,0.9404823636834644,0.21775528016883614,0.0,0.0,0.0,0.0,0.11893235377424963,218.36
1750921295.8253484,2.0835950757682395,0.7815868178864168,0.0,0.0,0.0,0.3328350491097596,0.9429850635530257,0.21781492588127255,0.0,0.0,0.0,0.0,-0.11866728239887883,222.54
1750921295.8253484,2.0835950757682395,0.7815868178864168,0.0,0.0,0.0,0.3328350491097596,0.9429850635530257,0.21781492588127255,0.0,0.0,0.0,0.0,-0.11866728239887883,222.54
1750921296.0252416,2.1169265787166123,0.8078133485159646,0.0,0.0,0.0,0.32017546261062024,0.9473582601856994,0.21085828454476047,0.0,0.0,0.0,0.0,-0.11896145458592651,226.58
1750921296.0252416,2.1169265787166123,0.8078133485159646,0.0,0.0,0.0,0.32017546261062024,0.9473582601856994,0.21085828454476047,0.0,0.0,0.0,0.0,-0.11896145458592651,226.58
1750921296.2253044,2.148476945055067,0.8319670013538337,0.0,0.0,0.0,0.32721580273914835,0.9449496380430942,0.19653327753449373,0.0,0.0,0.0,0.0,0.11931209298693338,230.39
1750921296.2253044,2.148476945055067,0.8319670013538337,0.0,0.0,0.0,0.32721580273914835,0.9449496380430942,0.19653327753449373,0.0,0.0,0.0,0.0,0.11931209298693338,230.39
1750921296.425304,2.1809337805901903,0.8585678685109761,0.0,0.0,0.0,0.3440379606363293,0.9389557399798968,0.21781479553635888,0.0,0.0,0.0,0.0,0.16651957458752786,234.38
1750921296.425304,2.1809337805901903,0.8585678685109761,0.0,0.0,0.0,0.3440379606363293,0.9389557399798968,0.21781479553635888,0.0,0.0,0.0,0.0,0.16651957458752786,234.38
1750921296.6252732,2.216355682813905,0.8885872082850296,0.0,0.0,0.0,0.34124174248461775,0.9399755705262035,0.22507828593534623,0.0,0.0,0.0,0.0,-0.07172449832597447,238.78
1750921296.6252732,2.216355682813905,0.8885872082850296,0.0,0.0,0.0,0.34124174248461775,0.9399755705262035,0.22507828593534623,0.0,0.0,0.0,0.0,-0.07172449832597447,238.78
1750921296.825386,2.2465089647336614,0.9144594004776018,0.0,0.0,0.0,0.3565828688605477,0.9342636981255247,0.18576207156750874,0.0,0.0,0.0,0.0,0.23859165224767506,242.55
1750921296.825386,2.2465089647336614,0.9144594004776018,0.0,0.0,0.0,0.3565828688605477,0.9342636981255247,0.18576207156750874,0.0,0.0,0.0,0.0,0.23859165224767506,242.55
1750921297.025262,2.2713332009635336,0.9375879055986145,0.0,0.0,0.0,0.37320952100704546,0.9277470848403091,0.17159481744641128,0.0,0.0,0.0,0.0,0.1433074886982943,245.72
1750921297.025262,2.2713332009635336,0.9375879055986145,0.0,0.0,0.0,0.37320952100704546,0.9277470848403091,0.17159481744641128,0.0,0.0,0.0,0.0,0.1433074886982943,245.72
1750921297.2253034,2.296503458198994,0.9629252457639538,0.0,0.0,0.0,0.38971715222957404,0.9209346020527576,0.1858691015628316,0.0,0.0,0.0,0.0,0.1426043573035483,249.02
1750921297.2253034,2.296503458198994,0.9629252457639538,0.0,0.0,0.0,0.38971715222957404,0.9209346020527576,0.1858691015628316,0.0,0.0,0.0,0.0,0.1426043573035483,249.02
1750921297.4252474,2.3257845682353664,0.9929893171531783,0.0,0.0,0.0,0.38971715222957404,0.9209346020527576,0.21089421066024724,0.0,0.0,0.0,0.0,0.0237878479365613,252.89
1750921297.4252474,2.3257845682353664,0.9929893171531783,0.0,0.0,0.0,0.38971715222957404,0.9209346020527576,0.21089421066024724,0.0,0.0,0.0,0.0,0.0237878479365613,252.89
1750921297.6254253,2.355091314367722,1.0230282876044117,0.0,0.0,0.0,0.38971715222957404,0.9209346020527576,0.21402115863537174,0.0,0.0,0.0,0.0,0.04700745009824247,256.77
1750921297.6254253,2.355091314367722,1.0230282876044117,0.0,0.0,0.0,0.38971715222957404,0.9209346020527576,0.21402115863537174,0.0,0.0,0.0,0.0,0.04700745009824247,256.77
1750921297.825408,2.386502112101425,1.055380582488202,0.0,0.0,0.0,0.3910872503896823,0.9203536073611261,0.22485183808062287,0.0,0.0,0.0,0.0,0.023947776894517048,260.94
1750921297.825408,2.386502112101425,1.055380582488202,0.0,0.0,0.0,0.3910872503896823,0.9203536073611261,0.22485183808062287,0.0,0.0,0.0,0.0,0.023947776894517048,260.94
1750921298.02521,2.416330526901747,1.0861577813145564,0.0,0.0,0.0,0.3910872503896823,0.9203536073611261,0.21803775699987868,0.0,0.0,0.0,0.0,0.02332792253822662,264.92
1750921298.02521,2.416330526901747,1.0861577813145564,0.0,0.0,0.0,0.3910872503896823,0.9203536073611261,0.21803775699987868,0.0,0.0,0.0,0.0,0.02332792253822662,264.92
1750921298.225231,2.4459424458087944,1.1165218789189875,0.0,0.0,0.0,0.3814785441730718,0.9243776935515016,0.21445042759959998,0.0,0.0,0.0,0.0,-0.14336476412739282,268.87
1750921298.225231,2.4459424458087944,1.1165218789189875,0.0,0.0,0.0,0.3814785441730718,0.9243776935515016,0.21445042759959998,0.0,0.0,0.0,0.0,-0.14336476412739282,268.87
1750921298.4251797,2.4783109104747982,1.1479150883734999,0.0,0.0,0.0,0.37182843971226853,0.9283014658079237,0.21796484670481467,0.0,0.0,0.0,0.0,-0.07116513334517179,273.13
1750921298.4251797,2.4783109104747982,1.1479150883734999,0.0,0.0,0.0,0.37182843971226853,0.9283014658079237,0.21796484670481467,0.0,0.0,0.0,0.0,-0.07116513334517179,273.13
1750921298.625257,2.507989648952978,1.1769493193381364,0.0,0.0,0.0,0.38697436959809917,0.9220904713064514,0.21087121490741492,0.0,0.0,0.0,0.0,0.21444594564071423,277.04
1750921298.625257,2.507989648952978,1.1769493193381364,0.0,0.0,0.0,0.38697436959809917,0.9220904713064514,0.21087121490741492,0.0,0.0,0.0,0.0,0.21444594564071423,277.04
1750921298.825219,2.5382209883291633,1.2091867070718085,0.0,0.0,0.0,0.4101763017294427,0.9120062508007043,0.22147690466484082,0.0,0.0,0.0,0.0,0.28594151196429357,281.15
1750921298.825219,2.5382209883291633,1.2091867070718085,0.0,0.0,0.0,0.4101763017294427,0.9120062508007043,0.22147690466484082,0.0,0.0,0.0,0.0,0.28594151196429357,281.15
1750921299.0253017,2.5662951184026017,1.2415717269958244,0.0,0.0,0.0,0.41559797465546794,0.9095484173271223,0.2071829605014147,0.0,0.0,0.0,0.0,-0.04721401405675041,285.09
1750921299.0253017,2.5662951184026017,1.2415717269958244,0.0,0.0,0.0,0.41559797465546794,0.9095484173271223,0.2071829605014147,0.0,0.0,0.0,0.0,-0.04721401405675041,285.09
1750921299.2252169,2.595424707207015,1.2754052047294968,0.0,0.0,0.0,0.4155979746554666,0.9095484173271229,0.22509645235128786,0.0,0.0,0.0,0.0,-0.024003049012922238,289.19
1750921299.2252169,2.595424707207015,1.2754052047294968,0.0,0.0,0.0,0.4155979746554666,0.9095484173271229,0.22509645235128786,0.0,0.0,0.0,0.0,-0.024003049012922238,289.19
1750921299.4253323,2.621581374986766,1.3059064610544313,0.0,0.0,0.0,0.42100492066664996,0.9070583535663336,0.20004408531024104,0.0,0.0,0.0,0.0,0.09544280452778486,292.88
1750921299.4253323,2.621581374986766,1.3059064610544313,0.0,0.0,0.0,0.42100492066664996,0.9070583535663336,0.20004408531024104,0.0,0.0,0.0,0.0,0.09544280452778486,292.88
1750921299.6252131,2.6453184622184263,1.3331877964092063,0.0,0.0,0.0,0.40881860492013816,0.912615662955196,0.1786414993459887,0.0,0.0,0.0,0.0,-0.09594659956790122,296.23
1750921299.6252131,2.6453184622184263,1.3331877964092063,0.0,0.0,0.0,0.40881860492013816,0.912615662955196,0.1786414993459887,0.0,0.0,0.0,0.0,-0.09594659956790122,296.23
1750921299.8253114,2.667860052328376,1.3579475504389926,0.0,0.0,0.0,0.4020165997777169,0.9156323790163621,0.16076242042369188,0.0,0.0,0.0,0.0,-0.07115485182685988,299.36
1750921299.8253114,2.667860052328376,1.3579475504389926,0.0,0.0,0.0,0.4020165997777169,0.9156323790163621,0.16076242042369188,0.0,0.0,0.0,0.0,-0.07115485182685988,299.36
1750921300.0253317,2.692524412786344,1.384394075305223,0.0,0.0,0.0,0.39519233584060226,0.9185983984815391,0.1892122268853125,0.0,0.0,0.0,0.0,-0.07073529856633037,302.76
1750921300.0253317,2.692524412786344,1.384394075305223,0.0,0.0,0.0,0.39519233584060226,0.9185983984815391,0.1892122268853125,0.0,0.0,0.0,0.0,-0.07073529856633037,302.76
1750921300.2253368,2.7207738670456374,1.4135920705854135,0.0,0.0,0.0,0.3856016912012411,0.9226653433085816,0.2036377985503665,0.0,0.0,0.0,0.0,-0.07140599719631766,306.61
1750921300.2253368,2.7207738670456374,1.4135920705854135,0.0,0.0,0.0,0.3856016912012411,0.9226653433085816,0.2036377985503665,0.0,0.0,0.0,0.0,-0.07140599719631766,306.61
1750921300.425293,2.7499813674747,1.4431021682967375,0.0,0.0,0.0,0.389717152229574,0.9209346020527577,0.20366513459179192,0.0,0.0,0.0,0.0,0.11870209625627397,310.56
1750921300.425293,2.7499813674747,1.4431021682967375,0.0,0.0,0.0,0.389717152229574,0.9209346020527577,0.20366513459179192,0.0,0.0,0.0,0.0,0.11870209625627397,310.56
1750921300.6251934,2.7745212354526054,1.468435589576886,0.0,0.0,0.0,0.3910872503896822,0.9203536073611261,0.17523323016063092,0.0,0.0,0.0,0.0,0.024719937986969157,313.92
1750921300.6251934,2.7745212354526054,1.468435589576886,0.0,0.0,0.0,0.3910872503896822,0.9203536073611261,0.17523323016063092,0.0,0.0,0.0,0.0,0.024719937986969157,313.92
1750921300.8253226,2.7985050108204907,1.4936833212478697,0.0,0.0,0.0,0.39655895121262813,0.9180092582393384,0.1713809112657128,0.0,0.0,0.0,0.0,0.048901787592343135,317.22
1750921300.8253226,2.7985050108204907,1.4936833212478697,0.0,0.0,0.0,0.39655895121262813,0.9180092582393384,0.1713809112657128,0.0,0.0,0.0,0.0,0.048901787592343135,317.22
1750921301.0253606,2.823105853179643,1.5201883760579409,0.0,0.0,0.0,0.4061004980495762,0.9138284223440887,0.17943833414272128,0.0,0.0,0.0,0.0,0.14443947048266376,320.64
1750921301.0253606,2.823105853179643,1.5201883760579409,0.0,0.0,0.0,0.4061004980495762,0.9138284223440887,0.17943833414272128,0.0,0.0,0.0,0.0,0.14443947048266376,320.64
1750921301.2252166,2.8465799134651415,1.5465122433426657,0.0,0.0,0.0,0.40746000269053984,0.9132230539180586,0.17616905663565102,0.0,0.0,0.0,0.0,-0.024015231286125142,323.96
1750921301.2252166,2.8465799134651415,1.5465122433426657,0.0,0.0,0.0,0.40746000269053984,0.9132230539180586,0.17616905663565102,0.0,0.0,0.0,0.0,-0.024015231286125142,323.96
1750921301.4253087,2.8719654678228137,1.5753169250540495,0.0,0.0,0.0,0.41830330051258335,0.9083074087445722,0.19650743578742103,0.0,0.0,0.0,0.0,0.16712534494546577,327.56
1750921301.4253087,2.8719654678228137,1.5753169250540495,0.0,0.0,0.0,0.41830330051258335,0.9083074087445722,0.19650743578742103,0.0,0.0,0.0,0.0,0.16712534494546577,327.56
1750921301.625284,2.8946429353225946,1.6023284883839592,0.0,0.0,0.0,0.4331157123492355,0.9013383269983666,0.16073026697684595,0.0,0.0,0.0,0.0,0.21386043073706934,330.85
1750921301.625284,2.8946429353225946,1.6023284883839592,0.0,0.0,0.0,0.4331157123492355,0.9013383269983666,0.16073026697684595,0.0,0.0,0.0,0.0,0.21386043073706934,330.85
1750921301.825288,2.914795859251389,1.6279419355595741,0.0,0.0,0.0,0.4344565993846244,0.900692768512742,0.16799851264311727,0.0,0.0,0.0,0.0,-0.0717112098109967,333.86
1750921301.825288,2.914795859251389,1.6279419355595741,0.0,0.0,0.0,0.4344565993846244,0.900692768512742,0.16799851264311727,0.0,0.0,0.0,0.0,-0.0717112098109967,333.86
1750921302.0252874,2.9364269126057074,1.6546602102841348,0.0,0.0,0.0,0.42774260161968664,0.9039005845554157,0.17142279164730245,0.0,0.0,0.0,0.0,-0.04754219264245485,337.05
1750921302.0252874,2.9364269126057074,1.6546602102841348,0.0,0.0,0.0,0.42774260161968664,0.9039005845554157,0.17142279164730245,0.0,0.0,0.0,0.0,-0.04754219264245485,337.05
1750921302.2134287,2.9559038148866685,1.6779477361978243,0.0,0.0,0.0,0.4196545752991043,0.907683886290006,0.16346930788735264,0.0,0.0,0.0,0.0,-0.09398759869724563,339.9
1750921302.2134287,2.9559038148866685,1.6779477361978243,0.0,0.0,0.0,0.4196545752991043,0.907683886290006,0.16346930788735264,0.0,0.0,0.0,0.0,-0.09398759869724563,339.9
1750921302.425305,2.976575367100257,1.7025643449661927,0.0,0.0,0.0,0.4250503503593435,0.9051697076567462,0.15003331790533223,0.0,0.0,0.0,0.0,0.04772728544081563,342.91
1750921302.425305,2.976575367100257,1.7025643449661927,0.0,0.0,0.0,0.4250503503593435,0.9051697076567462,0.15003331790533223,0.0,0.0,0.0,0.0,0.04772728544081563,342.91
1750921302.625329,2.998782279690443,1.7293886780366314,0.0,0.0,0.0,0.42505035035934413,0.9051697076567459,0.17860956179830625,0.0,0.0,0.0,0.0,-0.00027672895216661217,346.17
1750921302.625329,2.998782279690443,1.7293886780366314,0.0,0.0,0.0,0.42505035035934413,0.9051697076567459,0.17860956179830625,0.0,0.0,0.0,0.0,-0.00027672895216661217,346.17
1750921302.8252428,3.0224601638061928,1.7573091076730556,0.0,0.0,0.0,0.4142439295764213,0.9101659007066156,0.18609305257489633,0.0,0.0,0.0,0.0,-0.14309996947549716,349.62
1750921302.8252428,3.0224601638061928,1.7573091076730556,0.0,0.0,0.0,0.4142439295764213,0.9101659007066156,0.18609305257489633,0.0,0.0,0.0,0.0,-0.14309996947549716,349.62
1750921303.0252821,3.0455795190491752,1.7833501728381762,0.0,0.0,0.0,0.4061004980495755,0.913828422344089,0.17139839422256528,0.0,0.0,0.0,0.0,-0.09494622402219362,352.93
1750921303.0252821,3.0455795190491752,1.7833501728381762,0.0,0.0,0.0,0.4061004980495755,0.913828422344089,0.17139839422256528,0.0,0.0,0.0,0.0,-0.09494622402219362,352.93
1750921303.2253067,3.06951546853914,1.8098594107433075,0.0,0.0,0.0,0.40610049804957626,0.9138284223440887,0.18264655659672788,0.0,0.0,0.0,0.0,0.023562871278251848,356.34
1750921303.2253067,3.06951546853914,1.8098594107433075,0.0,0.0,0.0,0.40610049804957626,0.9138284223440887,0.18264655659672788,0.0,0.0,0.0,0.0,0.023562871278251848,356.34
1750921303.4253452,3.091455124757773,1.8333488669742166,0.0,0.0,0.0,0.38697436959810033,0.9220904713064509,0.15350757740798454,0.0,0.0,0.0,0.0,-0.2611676821633751,359.42
1750921303.4253452,3.091455124757773,1.8333488669742166,0.0,0.0,0.0,0.38697436959810033,0.9220904713064509,0.15350757740798454,0.0,0.0,0.0,0.0,-0.2611676821633751,359.42
1750921303.6252363,3.1085201039337407,1.8503775628895474,0.0,0.0,0.0,0.37320952100704513,0.9277470848403092,0.11086111943978064,0.0,0.0,0.0,0.0,-0.2139423792449858,361.76
1750921303.6252363,3.1085201039337407,1.8503775628895474,0.0,0.0,0.0,0.37320952100704513,0.9277470848403092,0.11086111943978064,0.0,0.0,0.0,0.0,-0.2139423792449858,361.76
1750921303.825336,3.125315101422211,1.865750158353381,0.0,0.0,0.0,0.3607504007646695,0.9326623978418612,0.11783059494775927,0.0,0.0,0.0,0.0,-0.023923084693001088,363.99
1750921303.825336,3.125315101422211,1.865750158353381,0.0,0.0,0.0,0.3607504007646695,0.9326623978418612,0.11783059494775927,0.0,0.0,0.0,0.0,-0.023923084693001088,363.99
1750921304.0253365,3.1414267080765583,1.881197005026513,0.0,0.0,0.0,0.38560169120124105,0.9226653433085816,0.11428805192639402,0.0,0.0,0.0,0.0,0.28591682314349576,366.16
1750921304.0253365,3.1414267080765583,1.881197005026513,0.0,0.0,0.0,0.38560169120124105,0.9226653433085816,0.11428805192639402,0.0,0.0,0.0,0.0,0.28591682314349576,366.16
1750921304.2253487,3.1598230498234585,1.9000496362330217,0.0,0.0,0.0,0.389717152229574,0.9209346020527577,0.13219390607566656,0.0,0.0,0.0,0.0,0.02387204142259703,368.71
1750921304.2253487,3.1598230498234585,1.9000496362330217,0.0,0.0,0.0,0.389717152229574,0.9209346020527577,0.13219390607566656,0.0,0.0,0.0,0.0,0.02387204142259703,368.71
1750921304.4252055,3.1793939535982583,1.9208660845349468,0.0,0.0,0.0,0.40610049804957576,0.9138284223440889,0.14295666324060663,0.0,0.0,0.0,0.0,0.23853245293582584,371.46
1750921304.4252055,3.1793939535982583,1.9208660845349468,0.0,0.0,0.0,0.40610049804957576,0.9138284223440889,0.14295666324060663,0.0,0.0,0.0,0.0,0.23853245293582584,371.46
1750921304.6253612,3.1965521664701853,1.9402595391922175,0.0,0.0,0.0,0.4115330901115289,0.9113948188042634,0.12158518859215903,0.0,0.0,0.0,0.0,0.0002222993414742,373.93
1750921304.6253612,3.1965521664701853,1.9402595391922175,0.0,0.0,0.0,0.4115330901115289,0.9113948188042634,0.12158518859215903,0.0,0.0,0.0,0.0,0.0002222993414742,373.93
1750921304.8253288,3.2133935192610243,1.9593367576170357,0.0,0.0,0.0,0.4183033005125837,0.908307408744572,0.12862110468859586,0.0,0.0,0.0,0.0,0.19016838538034178,376.36
1750921304.8253288,3.2133935192610243,1.9593367576170357,0.0,0.0,0.0,0.4183033005125837,0.908307408744572,0.12862110468859586,0.0,0.0,0.0,0.0,0.19016838538034178,376.36
1750921305.0252142,3.22807809658791,1.9773163645159135,0.0,0.0,0.0,0.4371354838837277,0.8993956686185114,0.1106797626503337,0.0,0.0,0.0,0.0,0.16737354077031483,378.55
1750921305.0252142,3.22807809658791,1.9773163645159135,0.0,0.0,0.0,0.4371354838837277,0.8993956686185114,0.1106797626503337,0.0,0.0,0.0,0.0,0.16737354077031483,378.55
1750921305.2253554,3.2428236366023095,1.9969488134968483,0.0,0.0,0.0,0.4544527828345087,0.89077082808878,0.12862462930342594,0.0,0.0,0.0,0.0,0.19065662197990557,380.84
1750921305.2253554,3.2428236366023095,1.9969488134968483,0.0,0.0,0.0,0.4544527828345087,0.89077082808878,0.12862462930342594,0.0,0.0,0.0,0.0,0.19065662197990557,380.84
1750921305.4252157,3.258477688620433,2.019233463934983,0.0,0.0,0.0,0.4663424298153859,0.8846042833684912,0.1356720049763414,0.0,0.0,0.0,0.0,0.09529908575170096,383.34
1750921305.4252157,3.258477688620433,2.019233463934983,0.0,0.0,0.0,0.4663424298153859,0.8846042833684912,0.1356720049763414,0.0,0.0,0.0,0.0,0.09529908575170096,383.34
1750921305.6251497,3.2744423466409747,2.043464837913589,0.0,0.0,0.0,0.48336811883430386,0.8754171929397927,0.14654753987930053,0.0,0.0,0.0,0.0,0.21328553542829964,385.98
1750921305.6251497,3.2744423466409747,2.043464837913589,0.0,0.0,0.0,0.48336811883430386,0.8754171929397927,0.14654753987930053,0.0,0.0,0.0,0.0,0.21328553542829964,385.98
1750921305.8251832,3.2912118564852304,2.06983653729162,0.0,0.0,0.0,0.478148419637517,0.8782790495042819,0.16084415216703282,0.0,0.0,0.0,0.0,-0.07144462019247644,388.8
1750921305.8251832,3.2912118564852304,2.06983653729162,0.0,0.0,0.0,0.478148419637517,0.8782790495042819,0.16084415216703282,0.0,0.0,0.0,0.0,-0.07144462019247644,388.8
1750921306.0253518,3.3087485864464092,2.09624115255008,0.0,0.0,0.0,0.4663424298153859,0.8846042833684912,0.14642128972517815,0.0,0.0,0.0,0.0,-0.11829888093421725,391.69
1750921306.0253518,3.3087485864464092,2.09624115255008,0.0,0.0,0.0,0.4663424298153859,0.8846042833684912,0.14642128972517815,0.0,0.0,0.0,0.0,-0.11829888093421725,391.69
1750921306.2253087,3.3225717563439514,2.1159923650848182,0.0,0.0,0.0,0.45312663943228954,0.8914461557698254,0.11418396603938046,0.0,0.0,0.0,0.0,-0.18955514730447012,393.92
1750921306.2253087,3.3225717563439514,2.1159923650848182,0.0,0.0,0.0,0.45312663943228954,0.8914461557698254,0.11418396603938046,0.0,0.0,0.0,0.0,-0.18955514730447012,393.92
1750921306.4252722,3.33324706826506,2.1297435125109847,0.0,0.0,0.0,0.42235433362457786,0.9064308119589376,0.07498783288701948,0.0,0.0,0.0,0.0,-0.357258537327375,395.55
1750921306.4252722,3.33324706826506,2.1297435125109847,0.0,0.0,0.0,0.42235433362457786,0.9064308119589376,0.07498783288701948,0.0,0.0,0.0,0.0,-0.357258537327375,395.55
1750921306.6254354,3.33814782424327,2.1355388848661265,0.0,0.0,0.0,0.4263969481652511,0.9045361477549475,0.0356563924492071,0.0,0.0,0.0,0.0,0.14259306459518617,396.28
1750921306.6254354,3.33814782424327,2.1355388848661265,0.0,0.0,0.0,0.4263969481652511,0.9045361477549475,0.0356563924492071,0.0,0.0,0.0,0.0,0.14259306459518617,396.28
1750921306.8252554,3.343391970186245,2.14220566368107,0.0,0.0,0.0,0.4438157009604144,0.8961180857348077,0.04648556912228573,0.0,0.0,0.0,0.0,0.16688900771784723,397.08
1750921306.8252554,3.343391970186245,2.14220566368107,0.0,0.0,0.0,0.4438157009604144,0.8961180857348077,0.04648556912228573,0.0,0.0,0.0,0.0,0.16688900771784723,397.08
1750921307.0253017,3.351595995261836,2.1533512926759997,0.0,0.0,0.0,0.4610683438720213,0.8873646275793912,0.07159388025719911,0.0,0.0,0.0,0.0,0.23815439665821542,398.37
1750921307.0253017,3.351595995261836,2.1533512926759997,0.0,0.0,0.0,0.4610683438720213,0.8873646275793912,0.07159388025719911,0.0,0.0,0.0,0.0,0.23815439665821542,398.37
1750921307.225509,3.3580799137647688,2.1629786938150746,0.0,0.0,0.0,0.47684084019059475,0.8789896547322543,0.05681147753928002,0.0,0.0,0.0,0.0,0.1454478813625822,399.44
1750921307.225509,3.3580799137647688,2.1629786938150746,0.0,0.0,0.0,0.47684084019059475,0.8789896547322543,0.05681147753928002,0.0,0.0,0.0,0.0,0.1454478813625822,399.44
1750921307.4252985,3.3674481263572624,2.1781808940931207,0.0,0.0,0.0,0.4950495355822184,0.8688647520298138,0.096371090984858,0.0,0.0,0.0,0.0,0.213294485536081,401.05
1750921307.4252985,3.3674481263572624,2.1781808940931207,0.0,0.0,0.0,0.4950495355822184,0.8688647520298138,0.096371090984858,0.0,0.0,0.0,0.0,0.213294485536081,401.05
1750921307.6252742,3.379009875654624,2.198311642884421,0.0,0.0,0.0,0.507924640762638,0.8614015087670471,0.11089887202066188,0.0,0.0,0.0,0.0,0.16727846099693117,403.12
1750921307.6252742,3.379009875654624,2.198311642884421,0.0,0.0,0.0,0.507924640762638,0.8614015087670471,0.11089887202066188,0.0,0.0,0.0,0.0,0.16727846099693117,403.12
1750921307.825303,3.3893907189543366,2.2180725481797614,0.0,0.0,0.0,0.5232260320249968,0.8521939447164459,0.11415301629361438,0.0,0.0,0.0,0.0,0.1427147027189848,405.07
1750921307.825303,3.3893907189543366,2.2180725481797614,0.0,0.0,0.0,0.5232260320249968,0.8521939447164459,0.11415301629361438,0.0,0.0,0.0,0.0,0.1427147027189848,405.07
1750921308.0253189,3.40211823198898,2.2441515136861185,0.0,0.0,0.0,0.5320750961544318,0.8466971666730981,0.15003160575228985,0.0,0.0,0.0,0.0,0.04726975293931055,407.56
1750921308.0253189,3.40211823198898,2.2441515136861185,0.0,0.0,0.0,0.5320750961544318,0.8466971666730981,0.15003160575228985,0.0,0.0,0.0,0.0,0.04726975293931055,407.56
1750921308.2253654,3.4144684765740614,2.2709033607932363,0.0,0.0,0.0,0.5446162166315125,0.8386853859356186,0.14996283806614724,0.0,0.0,0.0,0.0,0.1433727619867174,410.07
1750921308.2253654,3.4144684765740614,2.2709033607932363,0.0,0.0,0.0,0.5446162166315125,0.8386853859356186,0.14996283806614724,0.0,0.0,0.0,0.0,0.1433727619867174,410.07
1750921308.4253604,3.4251916010094168,2.295936540294024,0.0,0.0,0.0,0.5533233990866706,0.8329665155473976,0.13566491884720505,0.0,0.0,0.0,0.0,0.09514488974147131,412.35
1750921308.4253604,3.4251916010094168,2.295936540294024,0.0,0.0,0.0,0.5533233990866706,0.8329665155473976,0.13566491884720505,0.0,0.0,0.0,0.0,0.09514488974147131,412.35
1750921308.6251638,3.436377351181632,2.3231957206073943,0.0,0.0,0.0,0.5656578353364834,0.8246400507630246,0.1519643708045507,0.0,0.0,0.0,0.0,0.22677878772161947,414.8
1750921308.6251638,3.436377351181632,2.3231957206073943,0.0,0.0,0.0,0.5656578353364834,0.8246400507630246,0.1519643708045507,0.0,0.0,0.0,0.0,0.22677878772161947,414.8
1750921308.8252106,3.447984132492884,2.354603161656143,0.0,0.0,0.0,0.5717782448783327,0.820408214661368,0.17528101078072542,0.0,0.0,0.0,0.0,0.023924736631560563,417.53
1750921308.8252106,3.447984132492884,2.354603161656143,0.0,0.0,0.0,0.5717782448783327,0.820408214661368,0.17528101078072542,0.0,0.0,0.0,0.0,0.023924736631560563,417.53
1750921309.0251992,3.4604281923801787,2.387604334313151,0.0,0.0,0.0,0.5632008830920875,0.8263200138471128,0.17174943268126913,0.0,0.0,0.0,0.0,-0.14234085629205567,420.42
1750921309.0251992,3.4604281923801787,2.387604334313151,0.0,0.0,0.0,0.5632008830920875,0.8263200138471128,0.17174943268126913,0.0,0.0,0.0,0.0,-0.14234085629205567,420.42
1750921309.225211,3.470996927191776,2.413668851772153,0.0,0.0,0.0,0.5545624024616914,0.8321421403678082,0.13952486430714367,0.0,0.0,0.0,0.0,-0.11952177961754835,422.77
1750921309.225211,3.470996927191776,2.413668851772153,0.0,0.0,0.0,0.5545624024616914,0.8321421403678082,0.13952486430714367,0.0,0.0,0.0,0.0,-0.11952177961754835,422.77
1750921309.4252787,3.4810188396940687,2.438510254717903,0.0,0.0,0.0,0.5644299842425453,0.8254809464112179,0.13234124663135208,0.0,0.0,0.0,0.0,0.11904041444666388,425.02
1750921309.4252787,3.4810188396940687,2.438510254717903,0.0,0.0,0.0,0.5644299842425453,0.8254809464112179,0.13234124663135208,0.0,0.0,0.0,0.0,0.11904041444666388,425.02
1750921309.6252458,3.4916725857898383,2.4655035227447084,0.0,0.0,0.0,0.5632008830920875,0.8263200138471128,0.15032297702559227,0.0,0.0,0.0,0.0,-0.00036574339839257503,427.44
1750921309.6252458,3.4916725857898383,2.4655035227447084,0.0,0.0,0.0,0.5632008830920875,0.8263200138471128,0.15032297702559227,0.0,0.0,0.0,0.0,-0.00036574339839257503,427.44
1750921309.8251736,3.504002442436044,2.4971145641744816,0.0,0.0,0.0,0.5656578353364847,0.8246400507630237,0.171617976066533,0.0,0.0,0.0,0.0,0.04777542303161776,430.27
1750921309.8251736,3.504002442436044,2.4971145641744816,0.0,0.0,0.0,0.5656578353364847,0.8246400507630237,0.171617976066533,0.0,0.0,0.0,0.0,0.04777542303161776,430.27
1750921310.0253236,3.5168990418902237,2.5299412663332923,0.0,0.0,0.0,0.5570367218627512,0.8304878629434629,0.18219800915158066,0.0,0.0,0.0,0.0,-0.1667174018410617,433.23
1750921310.0253236,3.5168990418902237,2.5299412663332923,0.0,0.0,0.0,0.5570367218627512,0.8304878629434629,0.18219800915158066,0.0,0.0,0.0,0.0,-0.1667174018410617,433.23
1750921310.225299,3.5296509496758146,2.560902236768332,0.0,0.0,0.0,0.5607389415128542,0.8279926566528497,0.16436125808425492,0.0,0.0,0.0,0.0,0.09542172896486364,436.08
1750921310.225299,3.5296509496758146,2.560902236768332,0.0,0.0,0.0,0.5607389415128542,0.8279926566528497,0.16436125808425492,0.0,0.0,0.0,0.0,0.09542172896486364,436.08
1750921310.4254198,3.540124711183539,2.5865232881010836,0.0,0.0,0.0,0.5508417187078916,0.8346097297125981,0.13228952429213106,0.0,0.0,0.0,0.0,-0.166578438734399,438.44
1750921310.4254198,3.540124711183539,2.5865232881010836,0.0,0.0,0.0,0.5508417187078916,0.8346097297125981,0.13228952429213106,0.0,0.0,0.0,0.0,-0.166578438734399,438.44
1750921310.6252074,3.549162731416182,2.6069343720717377,0.0,0.0,0.0,0.5433674866491038,0.8394949520114079,0.10731863475142658,0.0,0.0,0.0,0.0,-0.047680125913324975,440.37
1750921310.6252074,3.549162731416182,2.6069343720717377,0.0,0.0,0.0,0.5433674866491038,0.8394949520114079,0.10731863475142658,0.0,0.0,0.0,0.0,-0.047680125913324975,440.37
1750921310.8252559,3.5591920788026576,2.629347923837047,0.0,0.0,0.0,0.5446162166315126,0.8386853859356185,0.12147282864785025,0.0,0.0,0.0,0.0,-0.0006787367214093953,442.51
1750921310.8252559,3.5591920788026576,2.629347923837047,0.0,0.0,0.0,0.5446162166315126,0.8386853859356185,0.12147282864785025,0.0,0.0,0.0,0.0,-0.0006787367214093953,442.51
1750921311.0253875,3.5680319203163777,2.6488696956908293,0.0,0.0,0.0,0.5421175532577901,0.840302658837747,0.10709838878768005,0.0,0.0,0.0,0.0,0.0003973117575667443,444.38
1750921311.0253875,3.5680319203163777,2.6488696956908293,0.0,0.0,0.0,0.5421175532577901,0.840302658837747,0.10709838878768005,0.0,0.0,0.0,0.0,0.0003973117575667443,444.38
1750921311.2254531,3.5791363692435185,2.673736811420205,0.0,0.0,0.0,0.5408664192258276,0.8411085046257892,0.13919110647131677,0.0,0.0,0.0,0.0,-0.07160440097546468,446.76
1750921311.2254531,3.5791363692435185,2.673736811420205,0.0,0.0,0.0,0.5408664192258276,0.8411085046257892,0.13919110647131677,0.0,0.0,0.0,0.0,-0.07160440097546468,446.76
1750921311.4251957,3.5896700024438086,2.695419774628789,0.0,0.0,0.0,0.5232260320249957,0.8521939447164467,0.11821007050675827,0.0,0.0,0.0,0.0,-0.16650317064549697,448.9
1750921311.4251957,3.5896700024438086,2.695419774628789,0.0,0.0,0.0,0.5232260320249957,0.8521939447164467,0.11821007050675827,0.0,0.0,0.0,0.0,-0.16650317064549697,448.9
1750921311.6252296,3.5990274866723917,2.713701098051993,0.0,0.0,0.0,0.5206872567193721,0.8537474923477402,0.1072647600489087,0.0,0.0,0.0,0.0,-0.024691242926106735,450.75
1750921311.6252296,3.5990274866723917,2.713701098051993,0.0,0.0,0.0,0.5206872567193721,0.8537474923477402,0.1072647600489087,0.0,0.0,0.0,0.0,-0.024691242926106735,450.75
1750921311.825364,3.609202482146874,2.7335701755437656,0.0,0.0,0.0,0.5206872567193721,0.8537474923477402,0.11060706499710019,0.0,0.0,0.0,0.0,-0.023659837141552845,452.76
1750921311.825364,3.609202482146874,2.7335701755437656,0.0,0.0,0.0,0.5206872567193721,0.8537474923477402,0.11060706499710019,0.0,0.0,0.0,0.0,-0.023659837141552845,452.76
1750921312.025361,3.6183815901908667,2.7519404389523223,0.0,0.0,0.0,0.5333345569371359,0.8459043978941526,0.10357379423753835,0.0,0.0,0.0,0.0,0.2144889685716147,454.6
1750921312.025361,3.6183815901908667,2.7519404389523223,0.0,0.0,0.0,0.5333345569371359,0.8459043978941526,0.10357379423753835,0.0,0.0,0.0,0.0,0.2144889685716147,454.6
1750921312.2252903,3.626948792842359,2.7710933171094387,0.0,0.0,0.0,0.55208317025315,0.8337890459362196,0.10721337195239378,0.0,0.0,0.0,0.0,0.23840307327726062,456.44
1750921312.2252903,3.626948792842359,2.7710933171094387,0.0,0.0,0.0,0.55208317025315,0.8337890459362196,0.10721337195239378,0.0,0.0,0.0,0.0,0.23840307327726062,456.44
1750921312.4252279,3.634556118685069,2.7896877277245515,0.0,0.0,0.0,0.5582720324088536,0.8296579643624763,0.10365593978975336,0.0,0.0,0.0,0.0,0.024595793570614685,458.17
1750921312.4252279,3.634556118685069,2.7896877277245515,0.0,0.0,0.0,0.5582720324088536,0.8296579643624763,0.10365593978975336,0.0,0.0,0.0,0.0,0.024595793570614685,458.17
1750921312.6256316,3.6435469753958687,2.8115753560844743,0.0,0.0,0.0,0.5570367218627499,0.8304878629434638,0.12488273860642155,0.0,0.0,0.0,0.0,0.02375706172509672,460.22
1750921312.6256316,3.6435469753958687,2.8115753560844743,0.0,0.0,0.0,0.5570367218627499,0.8304878629434638,0.12488273860642155,0.0,0.0,0.0,0.0,0.02375706172509672,460.22
1750921312.8253016,3.652822014580658,2.833828509713356,0.0,0.0,0.0,0.5520831702531489,0.8337890459362204,0.12154247795663475,0.0,0.0,0.0,0.0,-0.04671344651744974,462.32
1750921312.8253016,3.652822014580658,2.833828509713356,0.0,0.0,0.0,0.5520831702531489,0.8337890459362204,0.12154247795663475,0.0,0.0,0.0,0.0,-0.04671344651744974,462.32
1750921313.0252652,3.6641820987338907,2.859068817711492,0.0,0.0,0.0,0.5371058410084797,0.8435148579335006,0.1440876468383004,0.0,0.0,0.0,0.0,-0.1431058299150177,464.76
1750921313.0252652,3.6641820987338907,2.859068817711492,0.0,0.0,0.0,0.5371058410084797,0.8435148579335006,0.1440876468383004,0.0,0.0,0.0,0.0,-0.1431058299150177,464.76
1750921313.2253587,3.675372348782056,2.883896694871219,0.0,0.0,0.0,0.5458637404394258,0.8378739624033433,0.13220100583390162,0.0,0.0,0.0,0.0,0.07079770124474137,467.17
1750921313.2253587,3.675372348782056,2.883896694871219,0.0,0.0,0.0,0.5458637404394258,0.8378739624033433,0.13220100583390162,0.0,0.0,0.0,0.0,0.07079770124474137,467.17
1750921313.4253469,3.684810794819713,2.9046173987153603,0.0,0.0,0.0,0.539614087324135,0.8419124875908071,0.11070213305264945,0.0,0.0,0.0,0.0,-0.02294757856174821,469.2
1750921313.4253469,3.684810794819713,2.9046173987153603,0.0,0.0,0.0,0.539614087324135,0.8419124875908071,0.11070213305264945,0.0,0.0,0.0,0.0,-0.02294757856174821,469.2
1750921313.6254537,3.693425859239743,2.9242387082676493,0.0,0.0,0.0,0.5520831702531489,0.8337890459362204,0.10358291888045941,0.0,0.0,0.0,0.0,0.11880178622025946,471.09
1750921313.6254537,3.693425859239743,2.9242387082676493,0.0,0.0,0.0,0.5520831702531489,0.8337890459362204,0.10358291888045941,0.0,0.0,0.0,0.0,0.11880178622025946,471.09
1750921313.825283,3.7003795265524064,2.940687560680642,0.0,0.0,0.0,0.549599047200366,0.8354285650589462,0.08558082518563152,0.0,0.0,0.0,0.0,-0.09559899038659078,472.66
1750921313.825283,3.7003795265524064,2.940687560680642,0.0,0.0,0.0,0.549599047200366,0.8354285650589462,0.08558082518563152,0.0,0.0,0.0,0.0,-0.09559899038659078,472.66
1750921314.0252209,3.707051859861465,2.956285781879807,0.0,0.0,0.0,0.5520831702531499,0.8337890459362197,0.08937614886410347,0.0,0.0,0.0,0.0,0.02339084302625713,474.15
1750921314.0252209,3.707051859861465,2.956285781879807,0.0,0.0,0.0,0.5520831702531499,0.8337890459362197,0.08937614886410347,0.0,0.0,0.0,0.0,0.02339084302625713,474.15
1750921314.2253304,3.714840801443115,2.974319722213413,0.0,0.0,0.0,0.5471100553099213,0.8370606832116623,0.09631522304406218,0.0,0.0,0.0,0.0,-0.024380939019950417,475.88
1750921314.2253304,3.714840801443115,2.974319722213413,0.0,0.0,0.0,0.5471100553099213,0.8370606832116623,0.09631522304406218,0.0,0.0,0.0,0.0,-0.024380939019950417,475.88
1750921314.4253182,3.720494406007369,2.986952367362048,0.0,0.0,0.0,0.5408664192258286,0.8411085046257886,0.06080591791623574,0.0,0.0,0.0,0.0,-0.07177589022805451,477.12
1750921314.4253182,3.720494406007369,2.986952367362048,0.0,0.0,0.0,0.5408664192258286,0.8411085046257886,0.06080591791623574,0.0,0.0,0.0,0.0,-0.07177589022805451,477.12
1750921314.625498,3.7239047741983726,2.9942288909915344,0.0,0.0,0.0,0.5308144569723489,0.8474880602516771,0.042908554111875545,0.0,0.0,0.0,0.0,-0.14241374559211456,477.84
1750921314.625498,3.7239047741983726,2.9942288909915344,0.0,0.0,0.0,0.5308144569723489,0.8474880602516771,0.042908554111875545,0.0,0.0,0.0,0.0,-0.14241374559211456,477.84
1750921314.8253326,3.727852219302256,3.0022380557295825,0.0,0.0,0.0,0.5282896545805232,0.8490642148054477,0.04656914262819436,0.0,0.0,0.0,0.0,0.0244727442673258,478.65
1750921314.8253326,3.727852219302256,3.0022380557295825,0.0,0.0,0.0,0.5282896545805232,0.8490642148054477,0.04656914262819436,0.0,0.0,0.0,0.0,0.0244727442673258,478.65
1750921315.0253115,3.7344237580442035,3.0159212408699005,0.0,0.0,0.0,0.5333345569371348,0.8459043978941534,0.08218565044389681,0.0,0.0,0.0,0.0,0.02404414073867834,480.02
1750921315.0253115,3.7344237580442035,3.0159212408699005,0.0,0.0,0.0,0.5333345569371348,0.8459043978941534,0.08218565044389681,0.0,0.0,0.0,0.0,0.02404414073867834,480.02
1750921315.2253273,3.741448965350222,3.029877480332429,0.0,0.0,0.0,0.5168704519668095,0.8560636284083246,0.07857063599901606,0.0,0.0,0.0,0.0,-0.18978192639477354,481.44
1750921315.2253273,3.741448965350222,3.029877480332429,0.0,0.0,0.0,0.5168704519668095,0.8560636284083246,0.07857063599901606,0.0,0.0,0.0,0.0,-0.18978192639477354,481.44
1750921315.4252212,3.7507266300421636,3.0476975318230184,0.0,0.0,0.0,0.5206872567193733,0.8537474923477395,0.10734311035724467,0.0,0.0,0.0,0.0,0.04754411157868412,483.28
1750921315.4252212,3.7507266300421636,3.0476975318230184,0.0,0.0,0.0,0.5206872567193733,0.8537474923477395,0.10734311035724467,0.0,0.0,0.0,0.0,0.04754411157868412,483.28
1750921315.625298,3.762464368429966,3.070778808214467,0.0,0.0,0.0,0.5232260320249956,0.8521939447164467,0.13214443168021045,0.0,0.0,0.0,0.0,0.02408925419483108,485.65
1750921315.625298,3.762464368429966,3.070778808214467,0.0,0.0,0.0,0.5232260320249956,0.8521939447164467,0.13214443168021045,0.0,0.0,0.0,0.0,0.02408925419483108,485.65
1750921315.8253915,3.771866052765591,3.0900340681745493,0.0,0.0,0.0,0.54086641922583,0.8411085046257877,0.10352239311571602,0.0,0.0,0.0,0.0,0.2617962963991792,487.6
1750921315.8253915,3.771866052765591,3.0900340681745493,0.0,0.0,0.0,0.54086641922583,0.8411085046257877,0.10352239311571602,0.0,0.0,0.0,0.0,0.2617962963991792,487.6
1750921316.0253239,3.7808693759997745,3.1109470344640306,0.0,0.0,0.0,0.5520831702531491,0.8337890459362203,0.12135570452568487,0.0,0.0,0.0,0.0,0.04678731661128867,489.62
1750921316.0253239,3.7808693759997745,3.1109470344640306,0.0,0.0,0.0,0.5520831702531491,0.8337890459362203,0.12135570452568487,0.0,0.0,0.0,0.0,0.04678731661128867,489.62
1750921316.2253609,3.7911996720912553,3.1346913799256804,0.0,0.0,0.0,0.5446162166315127,0.8386853859356184,0.12853896503114454,0.0,0.0,0.0,0.0,-0.09549079324299273,491.93
1750921316.2253609,3.7911996720912553,3.1346913799256804,0.0,0.0,0.0,0.5446162166315127,0.8386853859356184,0.12853896503114454,0.0,0.0,0.0,0.0,-0.09549079324299273,491.93
1750921316.4253597,3.802548207225537,3.1599384094356124,0.0,0.0,0.0,0.5446162166315127,0.8386853859356184,0.13215851745049378,0.0,0.0,0.0,0.0,0.02358450110786612,494.41
1750921316.4253597,3.802548207225537,3.1599384094356124,0.0,0.0,0.0,0.5446162166315127,0.8386853859356184,0.13215851745049378,0.0,0.0,0.0,0.0,0.02358450110786612,494.41
1750921316.6252751,3.812977145268687,3.1831513260408353,0.0,0.0,0.0,0.5408664192258289,0.8411085046257883,0.12871772706100537,0.0,0.0,0.0,0.0,-0.04789733757833976,496.7
1750921316.6252751,3.812977145268687,3.1831513260408353,0.0,0.0,0.0,0.5408664192258289,0.8411085046257883,0.12871772706100537,0.0,0.0,0.0,0.0,-0.04789733757833976,496.7
1750921316.8252745,3.822542207855544,3.2043049997408573,0.0,0.0,0.0,0.5458637404394248,0.837873962403344,0.11434209287970165,0.0,0.0,0.0,0.0,0.09534511899298569,498.79
1750921316.8252745,3.822542207855544,3.2043049997408573,0.0,0.0,0.0,0.5458637404394248,0.837873962403344,0.11434209287970165,0.0,0.0,0.0,0.0,0.09534511899298569,498.79
1750921317.025337,3.82959441556024,3.2211955391684204,0.0,0.0,0.0,0.5595061065365993,0.8288262283182498,0.08930112272702391,0.0,0.0,0.0,0.0,0.11924329656492563,500.42
1750921317.025337,3.82959441556024,3.2211955391684204,0.0,0.0,0.0,0.5595061065365993,0.8288262283182498,0.08930112272702391,0.0,0.0,0.0,0.0,0.11924329656492563,500.42
1750921317.2253294,3.8377074530788806,3.2405468388036676,0.0,0.0,0.0,0.5533233990866706,0.8329665155473976,0.10714093435657021,0.0,0.0,0.0,0.0,-0.0004492355120658292,502.29
1750921317.2253294,3.8377074530788806,3.2405468388036676,0.0,0.0,0.0,0.5533233990866706,0.8329665155473976,0.10714093435657021,0.0,0.0,0.0,0.0,-0.0004492355120658292,502.29
1750921317.4252048,3.8468867098658848,3.2628396004619735,0.0,0.0,0.0,0.5582720324088525,0.829657964362477,0.1252543640713162,0.0,0.0,0.0,0.0,0.02425118135123568,504.43
1750921317.4252048,3.8468867098658848,3.2628396004619735,0.0,0.0,0.0,0.5582720324088525,0.829657964362477,0.1252543640713162,0.0,0.0,0.0,0.0,0.02425118135123568,504.43
1750921317.62522,3.854056451949153,3.280165576594123,0.0,0.0,0.0,0.5508417187078916,0.8346097297125981,0.08938855782743074,0.0,0.0,0.0,0.0,-0.11928702852164796,506.1
1750921317.62522,3.854056451949153,3.280165576594123,0.0,0.0,0.0,0.5508417187078916,0.8346097297125981,0.08938855782743074,0.0,0.0,0.0,0.0,-0.11928702852164796,506.1
1750921317.8252997,3.8603007158309026,3.2954571273033344,0.0,0.0,0.0,0.5693338610995504,0.8221064131883888,0.07144478377878524,0.0,0.0,0.0,0.0,0.28468419210114126,507.56
1750921317.8252997,3.8603007158309026,3.2954571273033344,0.0,0.0,0.0,0.5693338610995504,0.8221064131883888,0.07144478377878524,0.0,0.0,0.0,0.0,0.28468419210114126,507.56
1750921318.0252655,3.8648918760477775,3.308039307282416,0.0,0.0,0.0,0.5766517948640061,0.8169900289967561,0.060710545225607315,0.0,0.0,0.0,0.0,0.07125544870161477,508.73
1750921318.0252655,3.8648918760477775,3.308039307282416,0.0,0.0,0.0,0.5766517948640061,0.8169900289967561,0.060710545225607315,0.0,0.0,0.0,0.0,0.07125544870161477,508.73
1750921318.2253969,3.8682767463465164,3.3177338888631107,0.0,0.0,0.0,0.5802935570007962,0.8144073843620058,0.05343490012899206,0.0,0.0,0.0,0.0,0.02361278741925242,509.62
1750921318.2253969,3.8682767463465164,3.3177338888631107,0.0,0.0,0.0,0.5802935570007962,0.8144073843620058,0.05343490012899206,0.0,0.0,0.0,0.0,0.02361278741925242,509.62
1750921318.4252932,3.875357539280021,3.3370102703092224,0.0,0.0,0.0,0.5656578353364848,0.8246400507630236,0.11783892769922114,0.0,0.0,0.0,0.0,-0.21403390895792276,511.41
1750921318.4252932,3.875357539280021,3.3370102703092224,0.0,0.0,0.0,0.5656578353364848,0.8246400507630236,0.11783892769922114,0.0,0.0,0.0,0.0,-0.21403390895792276,511.41
1750921318.6254194,3.884923615875659,3.361072814860102,0.0,0.0,0.0,0.5607389415128543,0.8279926566528497,0.12424013358857725,0.0,0.0,0.0,0.0,-0.022007974320937356,513.71
1750921318.6254194,3.884923615875659,3.361072814860102,0.0,0.0,0.0,0.5607389415128543,0.8279926566528497,0.12424013358857725,0.0,0.0,0.0,0.0,-0.022007974320937356,513.71
1750921318.825246,3.8927231332478596,3.3805526486143442,0.0,0.0,0.0,0.554562402461694,0.8321421403678065,0.10374131499860573,0.0,0.0,0.0,0.0,-0.16717009319474935,515.57
1750921318.825246,3.8927231332478596,3.3805526486143442,0.0,0.0,0.0,0.554562402461694,0.8321421403678065,0.10374131499860573,0.0,0.0,0.0,0.0,-0.16717009319474935,515.57
1750921319.0253115,3.8990859093545227,3.3957969942484603,0.0,0.0,0.0,0.5533233990866708,0.8329665155473975,0.0789755667408664,0.0,0.0,0.0,0.0,-0.0001075225914580813,517.05
1750921319.0253115,3.8990859093545227,3.3957969942484603,0.0,0.0,0.0,0.5533233990866708,0.8329665155473975,0.0789755667408664,0.0,0.0,0.0,0.0,-0.0001075225914580813,517.05
1750921319.225202,3.9058337981523827,3.4113623662294033,0.0,0.0,0.0,0.545863740439426,0.8378739624033432,0.08224257781424904,0.0,0.0,0.0,0.0,-0.07123423214110403,518.58
1750921319.225202,3.9058337981523827,3.4113623662294033,0.0,0.0,0.0,0.545863740439426,0.8378739624033432,0.08224257781424904,0.0,0.0,0.0,0.0,-0.07123423214110403,518.58
1750921319.4253337,3.9136316190559084,3.4289050274142694,0.0,0.0,0.0,0.5471100553099193,0.8370606832116636,0.09990552557388745,0.0,0.0,0.0,0.0,0.047871958213345375,520.33
1750921319.4253337,3.9136316190559084,3.4289050274142694,0.0,0.0,0.0,0.5471100553099193,0.8370606832116636,0.09990552557388745,0.0,0.0,0.0,0.0,0.047871958213345375,520.33
1750921319.625321,3.9209349566995577,3.4461750525422477,0.0,0.0,0.0,0.5545624024616916,0.832142140367808,0.09997119624554637,0.0,0.0,0.0,0.0,0.04819988746080107,522.01
1750921319.625321,3.9209349566995577,3.4461750525422477,0.0,0.0,0.0,0.5545624024616916,0.832142140367808,0.09997119624554637,0.0,0.0,0.0,0.0,0.04819988746080107,522.01
1750921319.8252916,3.9278469816197727,3.46264143069603,0.0,0.0,0.0,0.5570367218627514,0.8304878629434627,0.08578731543859698,0.0,0.0,0.0,0.0,0.09511247376267513,523.62
1750921319.8252916,3.9278469816197727,3.46264143069603,0.0,0.0,0.0,0.5570367218627514,0.8304878629434627,0.08578731543859698,0.0,0.0,0.0,0.0,0.09511247376267513,523.62
1750921320.0253325,3.934743589140867,3.479597299681418,0.0,0.0,0.0,0.558272032408854,0.829657964362476,0.09636363048807631,0.0,0.0,0.0,0.0,-0.02336691531366169,525.26
1750921320.0253325,3.934743589140867,3.479597299681418,0.0,0.0,0.0,0.558272032408854,0.829657964362476,0.09636363048807631,0.0,0.0,0.0,0.0,-0.02336691531366169,525.26
1750921320.213139,3.9426977244030463,3.499975954494867,0.0,0.0,0.0,0.5668844336545528,0.8237973287648832,0.11768114754397518,0.0,0.0,0.0,0.0,0.07176596319370934,527.21
1750921320.213139,3.9426977244030463,3.499975954494867,0.0,0.0,0.0,0.5668844336545528,0.8237973287648832,0.11768114754397518,0.0,0.0,0.0,0.0,0.07176596319370934,527.21
1750921320.4252782,3.951493618261874,3.5233788908239667,0.0,0.0,0.0,0.5717782448783333,0.8204082146613677,0.11793366282075812,0.0,0.0,0.0,0.0,0.07174978588500723,529.42
1750921320.4252782,3.951493618261874,3.5233788908239667,0.0,0.0,0.0,0.5717782448783333,0.8204082146613677,0.11793366282075812,0.0,0.0,0.0,0.0,0.07174978588500723,529.42
1750921320.6253347,3.960998821982338,3.549850265023377,0.0,0.0,0.0,0.5802935570007953,0.8144073843620063,0.14294155029918387,0.0,0.0,0.0,0.0,0.14306216212050965,531.89
1750921320.6253347,3.960998821982338,3.549850265023377,0.0,0.0,0.0,0.5802935570007953,0.8144073843620063,0.14294155029918387,0.0,0.0,0.0,0.0,0.14306216212050965,531.89
1750921320.8252597,3.9705069064897596,3.5777400765452043,0.0,0.0,0.0,0.5778669962882279,0.816130954320948,0.15388802220573897,0.0,0.0,0.0,0.0,-0.11887148237139833,534.46
1750921320.8252597,3.9705069064897596,3.5777400765452043,0.0,0.0,0.0,0.5778669962882279,0.816130954320948,0.15388802220573897,0.0,0.0,0.0,0.0,-0.11887148237139833,534.46
1750921321.0254502,3.9787901809812016,3.6018015222972157,0.0,0.0,0.0,0.5863374210587452,0.8100669285103421,0.11430770819903238,0.0,0.0,0.0,0.0,0.14324500694393927,536.69
1750921321.0254502,3.9787901809812016,3.6018015222972157,0.0,0.0,0.0,0.5863374210587452,0.8100669285103421,0.11430770819903238,0.0,0.0,0.0,0.0,0.14324500694393927,536.69
1750921321.2130663,3.9835740741978922,3.6166772229521014,0.0,0.0,0.0,0.5875423088380939,0.809193447406244,0.07880829979998585,0.0,0.0,0.0,0.0,-0.049583741959997,538.04
1750921321.2130663,3.9835740741978922,3.6166772229521014,0.0,0.0,0.0,0.5875423088380939,0.809193447406244,0.07880829979998585,0.0,0.0,0.0,0.0,-0.049583741959997,538.04
1750921321.4252014,3.9885562458574295,3.6319580354146908,0.0,0.0,0.0,0.587542308838094,0.809193447406244,0.07861468640557052,0.0,0.0,0.0,0.0,0.0004830555100860375,539.44
1750921321.4252014,3.9885562458574295,3.6319580354146908,0.0,0.0,0.0,0.587542308838094,0.809193447406244,0.07861468640557052,0.0,0.0,0.0,0.0,0.0004830555100860375,539.44
1750921321.6252656,3.9930019523823517,3.6455353460902025,0.0,0.0,0.0,0.5899481779993726,0.8074411107165776,0.06836051683783043,0.0,0.0,0.0,0.0,0.0693554012927108,540.68
1750921321.6252656,3.9930019523823517,3.6455353460902025,0.0,0.0,0.0,0.5899481779993726,0.8074411107165776,0.06836051683783043,0.0,0.0,0.0,0.0,0.0693554012927108,540.68
1750921321.8253927,3.9954051486891076,3.6536696653906753,0.0,0.0,0.0,0.6054579887950459,0.7958772667969969,0.039312431468460626,0.0,0.0,0.0,0.0,0.16662807585797643,541.41
1750921321.8253927,3.9954051486891076,3.6536696653906753,0.0,0.0,0.0,0.6054579887950459,0.7958772667969969,0.039312431468460626,0.0,0.0,0.0,0.0,0.16662807585797643,541.41
1750921322.0252018,3.9992126473489176,3.666975387063139,0.0,0.0,0.0,0.597134342744437,0.8021412448659957,0.07862905351370611,0.0,0.0,0.0,0.0,-0.1431490158396417,542.59
1750921322.0252018,3.9992126473489176,3.666975387063139,0.0,0.0,0.0,0.597134342744437,0.8021412448659957,0.07862905351370611,0.0,0.0,0.0,0.0,-0.1431490158396417,542.59
1750921322.2252889,4.005179114080711,3.6870926291153148,0.0,0.0,0.0,0.6007096073107562,0.7994673024486725,0.11066677734462038,0.0,0.0,0.0,0.0,0.07042925832561017,544.39
1750921322.2252889,4.005179114080711,3.6870926291153148,0.0,0.0,0.0,0.6007096073107562,0.7994673024486725,0.11066677734462038,0.0,0.0,0.0,0.0,0.07042925832561017,544.39
1750921322.425335,4.011593909335984,3.7094041942073344,0.0,0.0,0.0,0.6054579887950449,0.7958772667969977,0.11068304600736609,0.0,0.0,0.0,0.0,0.11971013376152269,546.38
1750921322.425335,4.011593909335984,3.7094041942073344,0.0,0.0,0.0,0.6054579887950449,0.7958772667969977,0.11068304600736609,0.0,0.0,0.0,0.0,0.11971013376152269,546.38
1750921322.6253445,4.017494802027059,3.730469723821417,0.0,0.0,0.0,0.6042728982419763,0.7967774246615188,0.10767386963861754,0.0,0.0,0.0,0.0,0.0011866733871090602,548.24
1750921322.6253445,4.017494802027059,3.730469723821417,0.0,0.0,0.0,0.6042728982419763,0.7967774246615188,0.10767386963861754,0.0,0.0,0.0,0.0,0.0011866733871090602,548.24
1750921322.8251812,4.022850729964631,3.7489047451060533,0.0,0.0,0.0,0.598327423609665,0.8012517046201029,0.09650302944150377,0.0,0.0,0.0,0.0,-0.07182514645513687,549.89
1750921322.8251812,4.022850729964631,3.7489047451060533,0.0,0.0,0.0,0.598327423609665,0.8012517046201029,0.09650302944150377,0.0,0.0,0.0,0.0,-0.07182514645513687,549.89
1750921323.0253077,4.02803800087026,3.7673879416544582,0.0,0.0,0.0,0.6042728982419762,0.7967774246615188,0.10004730970868847,0.0,0.0,0.0,0.0,-0.0004945126833081103,551.53
1750921323.0253077,4.02803800087026,3.7673879416544582,0.0,0.0,0.0,0.6042728982419762,0.7967774246615188,0.10004730970868847,0.0,0.0,0.0,0.0,-0.0004945126833081103,551.53
1750921323.2252762,4.034319964375209,3.7897376436838357,0.0,0.0,0.0,0.6042728982419749,0.7967774246615197,0.11421955316231167,0.0,0.0,0.0,0.0,0.04757566464402564,553.51
1750921323.2252762,4.034319964375209,3.7897376436838357,0.0,0.0,0.0,0.6042728982419749,0.7967774246615197,0.11421955316231167,0.0,0.0,0.0,0.0,0.04757566464402564,553.51
1750921323.4252777,4.039259184170686,3.8068991929031624,0.0,0.0,0.0,0.6018987048707405,0.7985724444750928,0.08220249112835214,0.0,0.0,0.0,0.0,0.02404220304359094,555.05
1750921323.4252777,4.039259184170686,3.8068991929031624,0.0,0.0,0.0,0.6018987048707405,0.7985724444750928,0.08220249112835214,0.0,0.0,0.0,0.0,0.02404220304359094,555.05
1750921323.6252003,4.044749556275556,3.8266887246986414,0.0,0.0,0.0,0.6066417384258965,0.7949753462841512,0.11148925509754559,0.0,0.0,0.0,0.0,0.01792396841749471,556.81
1750921323.6252003,4.044749556275556,3.8266887246986414,0.0,0.0,0.0,0.6066417384258965,0.7949753462841512,0.11148925509754559,0.0,0.0,0.0,0.0,0.01792396841749471,556.81
1750921323.8252888,4.049294431495523,3.843033568222806,0.0,0.0,0.0,0.5971343427444369,0.8021412448659958,0.07501714823732623,0.0,0.0,0.0,0.0,-0.21456797478653966,558.26
1750921323.8252888,4.049294431495523,3.843033568222806,0.0,0.0,0.0,0.5971343427444369,0.8021412448659958,0.07501714823732623,0.0,0.0,0.0,0.0,-0.21456797478653966,558.26
1750921324.0131226,4.053384839912502,3.855315769746585,0.0,0.0,0.0,0.5742175633363713,0.8187027482279758,0.07115175841587866,0.0,0.0,0.0,0.0,-0.28397184291714767,559.4
1750921324.0131226,4.053384839912502,3.855315769746585,0.0,0.0,0.0,0.5742175633363713,0.8187027482279758,0.07115175841587866,0.0,0.0,0.0,0.0,-0.28397184291714767,559.4
1750921324.225326,4.061594440658579,3.877507737723298,0.0,0.0,0.0,0.5778669962882269,0.8161309543209486,0.12151497665724473,0.0,0.0,0.0,0.0,0.19083998979379851,561.53
1750921324.225326,4.061594440658579,3.877507737723298,0.0,0.0,0.0,0.5778669962882269,0.8161309543209486,0.12151497665724473,0.0,0.0,0.0,0.0,0.19083998979379851,561.53
1750921324.425333,4.070223486676012,3.90427500366967,0.0,0.0,0.0,0.598327423609665,0.8012517046201029,0.14287516323598334,0.0,0.0,0.0,0.0,0.23847721795152835,564.0
1750921324.425333,4.070223486676012,3.90427500366967,0.0,0.0,0.0,0.598327423609665,0.8012517046201029,0.14287516323598334,0.0,0.0,0.0,0.0,0.23847721795152835,564.0
1750921324.6253085,4.077070495843622,3.927856260526725,0.0,0.0,0.0,0.5995191793449076,0.80036038982299,0.11801557167398694,0.0,0.0,0.0,0.0,-0.024047137248458687,566.13
1750921324.6253085,4.077070495843622,3.927856260526725,0.0,0.0,0.0,0.5995191793449076,0.80036038982299,0.11801557167398694,0.0,0.0,0.0,0.0,-0.024047137248458687,566.13
1750921324.8252997,4.080568170513521,3.9403218593141913,0.0,0.0,0.0,0.6078241445128538,0.7940716651204835,0.057264554433038184,0.0,0.0,0.0,0.0,0.09570057412177069,567.25
1750921324.8252997,4.080568170513521,3.9403218593141913,0.0,0.0,0.0,0.6078241445128538,0.7940716651204835,0.057264554433038184,0.0,0.0,0.0,0.0,0.09570057412177069,567.25
1750921325.025236,4.082198868021882,3.9463558033014285,0.0,0.0,0.0,0.6101849155832466,0.7922590288502026,0.017833305081064715,0.0,0.0,0.0,0.0,0.07136363558706774,567.79
1750921325.025236,4.082198868021882,3.9463558033014285,0.0,0.0,0.0,0.6101849155832466,0.7922590288502026,0.017833305081064715,0.0,0.0,0.0,0.0,0.07136363558706774,567.79
1750921325.225337,4.082084223188981,3.945924315649311,0.0,0.0,0.0,0.6090052044372105,0.7931662253074013,-0.0035681153356291037,0.0,0.0,0.0,0.0,-0.023787435570868737,567.75
1750921325.225337,4.082084223188981,3.945924315649311,0.0,0.0,0.0,0.6090052044372105,0.7931662253074013,-0.0035681153356291037,0.0,0.0,0.0,0.0,-0.023787435570868737,567.75
1750921325.425384,4.082084223188981,3.945924315649311,0.0,0.0,0.0,0.6090052044372105,0.7931662253074013,1.16157083951407e-15,0.0,0.0,0.0,0.0,-2.997602166487923e-16,567.75
1750921325.425384,4.082084223188981,3.945924315649311,0.0,0.0,0.0,0.6090052044372105,0.7931662253074013,1.16157083951407e-15,0.0,0.0,0.0,0.0,-2.997602166487923e-16,567.75
1750921325.6253147,4.082084223188981,3.945924315649311,0.0,0.0,0.0,0.6090052044372105,0.7931662253074013,1.16157083951407e-15,0.0,0.0,0.0,0.0,-2.997602166487923e-16,567.75
1750921325.6253147,4.082084223188981,3.945924315649311,0.0,0.0,0.0,0.6090052044372105,0.7931662253074013,1.16157083951407e-15,0.0,0.0,0.0,0.0,-2.997602166487923e-16,567.75
1750921325.825302,4.082084223188981,3.945924315649311,0.0,0.0,0.0,0.6090052044372105,0.7931662253074013,1.16157083951407e-15,0.0,0.0,0.0,0.0,-2.997602166487923e-16,567.75
1750921325.825302,4.082084223188981,3.945924315649311,0.0,0.0,0.0,0.6090052044372105,0.7931662253074013,1.16157083951407e-15,0.0,0.0,0.0,0.0,-2.997602166487923e-16,567.75
1750921326.025335,4.082084223188981,3.945924315649311,0.0,0.0,0.0,0.6090052044372105,0.7931662253074013,1.16157083951407e-15,0.0,0.0,0.0,0.0,-2.997602166487923e-16,567.75
1750921326.025335,4.082084223188981,3.945924315649311,0.0,0.0,0.0,0.6090052044372105,0.7931662253074013,1.16157083951407e-15,0.0,0.0,0.0,0.0,-2.997602166487923e-16,567.75
1750921326.2252214,4.082084223188981,3.945924315649311,0.0,0.0,0.0,0.6090052044372105,0.7931662253074013,1.16157083951407e-15,0.0,0.0,0.0,0.0,-2.997602166487923e-16,567.75
1750921326.2252214,4.082084223188981,3.945924315649311,0.0,0.0,0.0,0.6090052044372105,0.7931662253074013,1.16157083951407e-15,0.0,0.0,0.0,0.0,-2.997602166487923e-16,567.75
1750921326.4253435,4.082084223188981,3.945924315649311,0.0,0.0,0.0,0.6090052044372105,0.7931662253074013,1.16157083951407e-15,0.0,0.0,0.0,0.0,-2.997602166487923e-16,567.75
1750921326.4253435,4.082084223188981,3.945924315649311,0.0,0.0,0.0,0.6090052044372105,0.7931662253074013,1.16157083951407e-15,0.0,0.0,0.0,0.0,-2.997602166487923e-16,567.75
1750921326.6252499,4.082084223188981,3.945924315649311,0.0,0.0,0.0,0.6090052044372105,0.7931662253074013,1.16157083951407e-15,0.0,0.0,0.0,0.0,-2.997602166487923e-16,567.75
1750921326.6252499,4.082084223188981,3.945924315649311,0.0,0.0,0.0,0.6090052044372105,0.7931662253074013,1.16157083951407e-15,0.0,0.0,0.0,0.0,-2.997602166487923e-16,567.75
1750921326.8254032,4.082084223188981,3.945924315649311,0.0,0.0,0.0,0.6090052044372105,0.7931662253074013,1.16157083951407e-15,0.0,0.0,0.0,0.0,-2.997602166487923e-16,567.75
1750921326.8254032,4.082084223188981,3.945924315649311,0.0,0.0,0.0,0.6090052044372105,0.7931662253074013,1.16157083951407e-15,0.0,0.0,0.0,0.0,-2.997602166487923e-16,567.75
1750921327.025226,4.082084223188981,3.945924315649311,0.0,0.0,0.0,0.6090052044372105,0.7931662253074013,1.16157083951407e-15,0.0,0.0,0.0,0.0,-2.997602166487923e-16,567.75
1750921327.025226,4.082084223188981,3.945924315649311,0.0,0.0,0.0,0.6090052044372105,0.7931662253074013,1.16157083951407e-15,0.0,0.0,0.0,0.0,-2.997602166487923e-16,567.75
1750921327.2253797,4.082084223188981,3.945924315649311,0.0,0.0,0.0,0.6090052044372105,0.7931662253074013,1.16157083951407e-15,0.0,0.0,0.0,0.0,-2.997602166487923e-16,567.75
1750921327.2253797,4.082084223188981,3.945924315649311,0.0,0.0,0.0,0.6090052044372105,0.7931662253074013,1.16157083951407e-15,0.0,0.0,0.0,0.0,-2.997602166487923e-16,567.75
1750921327.425289,4.082084223188981,3.945924315649311,0.0,0.0,0.0,0.6090052044372105,0.7931662253074013,1.16157083951407e-15,0.0,0.0,0.0,0.0,-2.997602166487923e-16,567.75
1750921327.425289,4.082084223188981,3.945924315649311,0.0,0.0,0.0,0.6090052044372105,0.7931662253074013,1.16157083951407e-15,0.0,0.0,0.0,0.0,-2.997602166487923e-16,567.75
1750921327.6252987,4.082084223188981,3.945924315649311,0.0,0.0,0.0,0.6090052044372105,0.7931662253074013,1.16157083951407e-15,0.0,0.0,0.0,0.0,-2.997602166487923e-16,567.75
1750921327.6252987,4.082084223188981,3.945924315649311,0.0,0.0,0.0,0.6090052044372105,0.7931662253074013,1.16157083951407e-15,0.0,0.0,0.0,0.0,-2.997602166487923e-16,567.75
