time,range_0,range_90,range_180,range_270,range_360
1750672157.1317089,inf,inf,0.7902500033378601,1.0042500495910645
1750672157.7093,inf,inf,0.7904999852180481,1.0054999589920044
1750672158.2871811,inf,inf,0.7885000109672546,1.0057499408721924
1750672158.8645291,inf,inf,0.7902500033378601,1.003999948501587
1750672159.4423792,inf,inf,0.7900000214576721,1.0045000314712524
1750672160.019175,inf,inf,0.7877500057220459,1.003499984741211
1750672160.596781,inf,inf,0.7902500033378601,1.00600004196167
1750672161.0859325,inf,inf,0.7875000238418579,1.003999948501587
1750672161.6635454,inf,inf,0.7889999747276306,1.0045000314712524
1750672162.0631297,inf,inf,0.7907500267028809,1.0047500133514404
1750672162.5078328,inf,inf,0.7872499823570251,1.0045000314712524
1750672163.0848112,inf,inf,0.7872499823570251,1.0042500495910645
1750672163.6622298,inf,inf,0.7889999747276306,1.0057499408721924
1750672164.2396073,inf,inf,0.7897499799728394,1.0052499771118164
1750672164.8170285,inf,inf,0.7877500057220459,1.0042500495910645
1750672165.3946204,inf,inf,0.7879999876022339,1.0057499408721924
1750672165.9717607,inf,inf,0.7900000214576721,1.0067499876022339
1750672166.5491703,inf,inf,0.7897499799728394,1.0047500133514404
1750672167.126467,inf,inf,0.7900000214576721,1.0049999952316284
1750672167.7041523,inf,inf,0.7879999876022339,1.0042500495910645
1750672168.2376485,inf,inf,0.7894999980926514,1.0047500133514404
1750672168.8153799,inf,inf,0.7872499823570251,1.003999948501587
1750672169.3478115,inf,inf,0.7907500267028809,1.0045000314712524
1750672169.9253447,inf,inf,0.7879999876022339,1.002750039100647
1750672170.5026717,inf,inf,0.7900000214576721,1.006250023841858
1750672171.0802243,inf,inf,0.7879999876022339,1.003250002861023
1750672171.6575158,inf,inf,0.7892500162124634,1.0057499408721924
1750672172.2345397,inf,inf,0.7889999747276306,1.0054999589920044
1750672172.7242167,inf,inf,0.7872499823570251,1.0057499408721924
1750672173.3012595,inf,inf,0.7882500290870667,1.002500057220459
1750672173.878765,inf,inf,0.7879999876022339,1.0045000314712524
1750672174.4560802,inf,inf,0.7892500162124634,1.0054999589920044
1750672175.0334935,inf,inf,0.7887499928474426,1.0047500133514404
1750672175.6109674,inf,inf,0.7894999980926514,1.0045000314712524
1750672176.1883278,inf,inf,0.7900000214576721,1.0045000314712524
1750672176.7212472,inf,inf,0.7889999747276306,1.0042500495910645
1750672177.298687,inf,inf,0.7902500033378601,1.0057499408721924
1750672177.7874725,inf,inf,0.7875000238418579,1.0049999952316284
1750672178.2763293,inf,inf,0.7889999747276306,1.0045000314712524
1750672178.7646246,inf,inf,0.7877500057220459,1.002500057220459
1750672179.2542698,inf,inf,0.7875000238418579,1.0047500133514404
1750672179.7861598,inf,inf,0.7897499799728394,1.003999948501587
1750672180.3642163,inf,inf,0.7885000109672546,1.002500057220459
1750672180.8531265,inf,inf,0.7889999747276306,1.0057499408721924
1750672181.4308608,inf,inf,0.7882500290870667,1.002500057220459
1750672181.962944,inf,inf,0.7877500057220459,1.0049999952316284
1750672182.4521544,inf,inf,0.7889999747276306,1.0049999952316284
1750672183.0298297,inf,inf,0.7885000109672546,1.0054999589920044
1750672183.517643,inf,inf,0.7882500290870667,1.006250023841858
1750672184.0063014,inf,inf,0.7894999980926514,1.0049999952316284
1750672184.5401533,inf,inf,0.7887499928474426,1.0052499771118164
1750672185.1170003,inf,inf,0.7892500162124634,1.0052499771118164
1750672185.5614233,inf,inf,0.7877500057220459,1.0052499771118164
1750672185.961211,inf,inf,0.7902500033378601,1.003999948501587
1750672186.5386705,inf,inf,0.7889999747276306,1.00600004196167
1750672187.071417,inf,inf,0.7882500290870667,1.003499984741211
1750672187.515931,inf,inf,0.7887499928474426,1.0069999694824219
1750672188.0483487,inf,inf,0.7887499928474426,1.0054999589920044
1750672188.537443,inf,inf,0.7897499799728394,1.0045000314712524
1750672189.0702484,inf,inf,0.7887499928474426,1.006250023841858
1750672189.5595658,inf,inf,0.7889999747276306,1.0049999952316284
1750672190.1371467,inf,inf,0.7902500033378601,1.003999948501587
1750672190.7143717,inf,inf,0.7882500290870667,1.0047500133514404
1750672191.247183,inf,inf,0.7907500267028809,1.0049999952316284
1750672191.77973,inf,inf,0.7900000214576721,1.003999948501587
1750672192.2683368,inf,inf,0.7902500033378601,1.00600004196167
1750672192.8020859,inf,inf,0.7900000214576721,1.0045000314712524
1750672193.2463691,inf,inf,0.7882500290870667,1.0045000314712524
1750672193.6906457,inf,inf,0.7892500162124634,1.0045000314712524
1750672194.1789014,inf,inf,0.7882500290870667,1.0047500133514404
1750672194.7560127,inf,inf,0.7894999980926514,1.0049999952316284
1750672195.3332925,inf,inf,0.7910000085830688,1.0052499771118164
1750672195.8671107,inf,inf,0.7894999980926514,1.0052499771118164
1750672196.39999,inf,inf,0.7882500290870667,1.0054999589920044
1750672196.7560425,inf,inf,0.7879999876022339,1.003000020980835
1750672197.1552489,inf,inf,0.7885000109672546,1.0045000314712524
1750672197.7323327,inf,inf,0.7900000214576721,1.0052499771118164
1750672198.3098497,inf,inf,0.7894999980926514,1.006250023841858
1750672198.8869765,inf,inf,0.7900000214576721,1.0045000314712524
1750672199.4212697,inf,inf,0.7887499928474426,1.0052499771118164
1750672199.998126,inf,inf,0.7894999980926514,1.0049999952316284
1750672200.5754888,inf,inf,0.7887499928474426,1.006250023841858
1750672201.1078563,inf,inf,0.7900000214576721,1.0042500495910645
1750672201.6857412,inf,inf,0.7887499928474426,1.006250023841858
1750672202.262787,inf,inf,0.7879999876022339,1.0042500495910645
1750672202.7526035,inf,inf,0.7882500290870667,1.0057499408721924
1750672203.3295605,inf,inf,0.7894999980926514,1.0049999952316284
1750672203.9068873,inf,inf,0.7879999876022339,1.0047500133514404
1750672204.4396648,inf,inf,0.7889999747276306,1.0049999952316284
1750672204.928227,inf,inf,0.7897499799728394,1.0042500495910645
1750672205.5064113,inf,inf,0.7882500290870667,1.003250002861023
1750672206.0840678,0.2202499955892563,inf,0.7882500290870667,1.003250002861023
1750672206.6608121,0.21150000393390656,inf,0.7897499799728394,1.003999948501587
1750672207.105726,inf,inf,0.7879999876022339,1.003749966621399
1750672207.683097,inf,inf,0.7897499799728394,1.003999948501587
1750672208.215641,inf,inf,0.7887499928474426,1.006500005722046
1750672208.7046165,0.21324999630451202,inf,0.7879999876022339,1.003499984741211
1750672209.2822618,inf,inf,0.7892500162124634,1.0042500495910645
1750672209.8595486,inf,inf,0.7900000214576721,1.003999948501587
1750672210.4368746,inf,inf,0.7892500162124634,1.0045000314712524
1750672211.0144901,inf,inf,0.7885000109672546,1.00600004196167
1750672211.5916142,inf,inf,0.7885000109672546,1.006250023841858
1750672212.169071,inf,inf,0.7889999747276306,1.003999948501587
1750672212.6134422,inf,inf,0.7897499799728394,1.0047500133514404
1750672213.1910012,inf,inf,0.7879999876022339,1.0052499771118164
1750672213.7236195,inf,inf,0.7885000109672546,1.003499984741211
1750672214.301411,inf,inf,0.7889999747276306,1.006500005722046
1750672214.7902606,inf,inf,0.7882500290870667,1.002500057220459
1750672215.2784014,inf,inf,0.7885000109672546,1.003749966621399
1750672215.7228832,inf,inf,0.7879999876022339,1.0045000314712524
1750672216.3000944,inf,inf,0.7887499928474426,1.003499984741211
1750672216.877433,inf,inf,0.7897499799728394,1.003999948501587
1750672217.3213136,inf,inf,0.7887499928474426,1.003499984741211
1750672217.8994215,inf,inf,0.7894999980926514,1.0045000314712524
1750672218.4770198,inf,inf,0.7889999747276306,1.003999948501587
1750672219.0540984,inf,inf,0.7892500162124634,1.0045000314712524
1750672219.6317673,inf,inf,0.7889999747276306,1.00600004196167
1750672220.2087734,inf,inf,0.7879999876022339,1.003749966621399
1750672220.7426982,inf,inf,0.7882500290870667,1.0057499408721924
1750672221.3199322,inf,inf,0.7882500290870667,1.003499984741211
1750672221.897744,inf,inf,0.7885000109672546,1.003250002861023
1750672222.4309235,inf,inf,0.7902500033378601,1.0054999589920044
1750672222.8300772,inf,inf,0.7887499928474426,1.006250023841858
1750672223.3189404,inf,inf,0.7894999980926514,1.0045000314712524
1750672223.8967183,inf,inf,0.7897499799728394,1.0052499771118164
1750672224.3852117,inf,inf,0.7885000109672546,1.0045000314712524
1750672224.8738823,inf,inf,0.7879999876022339,1.0052499771118164
1750672225.4067183,inf,inf,0.7879999876022339,1.003000020980835
1750672225.9391675,inf,inf,0.7885000109672546,1.0045000314712524
1750672226.4730425,inf,inf,0.7879999876022339,1.003749966621399
1750672227.0503883,inf,inf,0.7882500290870667,1.003499984741211
1750672227.627806,inf,inf,0.7894999980926514,1.0045000314712524
1750672228.204908,inf,inf,0.7900000214576721,1.006250023841858
1750672228.7828157,inf,inf,0.7879999876022339,1.002500057220459
1750672229.3151498,inf,inf,0.7879999876022339,1.0042500495910645
1750672229.8928058,inf,inf,0.7885000109672546,1.0057499408721924
1750672230.4264266,inf,inf,0.7894999980926514,1.003999948501587
1750672231.0038366,inf,inf,0.7892500162124634,1.0045000314712524
1750672231.5813456,inf,inf,0.7894999980926514,1.0042500495910645
1750672232.1584187,inf,inf,0.7889999747276306,1.006500005722046
1750672232.6919808,inf,inf,0.7892500162124634,1.003999948501587
1750672233.268806,inf,inf,0.7889999747276306,1.006500005722046
1750672233.8460605,inf,inf,0.7887499928474426,1.006250023841858
1750672234.4234025,inf,inf,0.7885000109672546,1.0054999589920044
1750672234.9570868,inf,inf,0.7894999980926514,1.003499984741211
1750672235.5345316,inf,inf,0.7887499928474426,1.0045000314712524
1750672236.112074,inf,inf,0.7875000238418579,1.0045000314712524
1750672236.6896112,inf,inf,0.7889999747276306,1.003999948501587
1750672237.2660685,inf,inf,0.7897499799728394,1.006500005722046
1750672237.799771,inf,inf,0.7887499928474426,1.0057499408721924
1750672238.1998098,inf,inf,0.7887499928474426,1.0052499771118164
1750672238.6437151,inf,inf,0.7882500290870667,1.002750039100647
1750672239.221109,inf,inf,0.7887499928474426,1.00600004196167
1750672239.7984486,inf,inf,0.7897499799728394,1.0047500133514404
1750672240.3758302,inf,inf,0.7879999876022339,1.002750039100647
1750672240.9538565,inf,inf,0.7877500057220459,1.0045000314712524
1750672241.5305893,inf,inf,0.7887499928474426,1.0049999952316284
1750672242.0644634,inf,inf,0.7877500057220459,1.0042500495910645
1750672242.6417336,inf,inf,0.7889999747276306,1.0057499408721924
1750672243.2192519,inf,inf,0.7879999876022339,1.0045000314712524
1750672243.75185,inf,inf,0.7887499928474426,1.0054999589920044
1750672244.329718,inf,inf,0.7879999876022339,1.003000020980835
1750672244.9067605,inf,inf,0.7900000214576721,1.003999948501587
1750672245.484093,inf,inf,0.7882500290870667,1.002500057220459
1750672245.9732466,inf,inf,0.7887499928474426,1.003749966621399
1750672246.3730981,inf,inf,0.7885000109672546,1.006250023841858
1750672246.8617764,inf,inf,0.7885000109672546,1.00600004196167
1750672247.3944426,inf,inf,0.7877500057220459,1.003499984741211
1750672247.9721928,inf,inf,0.7879999876022339,1.003499984741211
1750672248.5496082,inf,inf,0.7887499928474426,1.00600004196167
1750672249.1271884,inf,inf,0.7877500057220459,1.0045000314712524
1750672249.7044466,inf,inf,0.7877500057220459,1.002500057220459
1750672250.237544,inf,inf,0.7882500290870667,1.003999948501587
1750672250.63769,inf,inf,0.7879999876022339,1.003749966621399
1750672251.0808408,inf,inf,0.7879999876022339,1.003749966621399
1750672251.5258024,inf,inf,0.7900000214576721,1.00600004196167
1750672252.103245,inf,inf,0.7897499799728394,1.0045000314712524
1750672252.6360064,inf,inf,0.7889999747276306,1.0054999589920044
1750672253.0810773,inf,inf,0.7877500057220459,1.0045000314712524
1750672253.6136272,inf,inf,0.7875000238418579,1.003499984741211
1750672254.1906424,inf,inf,0.7889999747276306,1.006250023841858
1750672254.6351764,inf,inf,0.7877500057220459,1.002500057220459
1750672255.035645,inf,inf,0.7879999876022339,1.0052499771118164
1750672255.479527,inf,inf,0.7900000214576721,1.0042500495910645
1750672256.0121076,inf,inf,0.7900000214576721,1.003499984741211
1750672256.589457,inf,inf,0.7892500162124634,1.0052499771118164
1750672257.166964,inf,inf,0.7887499928474426,1.0057499408721924
1750672257.7442038,inf,inf,0.7887499928474426,1.00600004196167
1750672258.2336316,inf,inf,0.7877500057220459,1.003499984741211
1750672258.7214742,inf,inf,0.7885000109672546,1.0045000314712524
1750672259.1663213,inf,inf,0.7889999747276306,1.0049999952316284
1750672259.7433114,inf,inf,0.7892500162124634,1.0052499771118164
1750672260.3202515,inf,inf,0.7889999747276306,1.0045000314712524
1750672260.8982098,inf,inf,0.7885000109672546,1.0049999952316284
1750672261.4756348,inf,inf,0.7892500162124634,1.0057499408721924
1750672262.0094893,inf,inf,0.7882500290870667,1.0047500133514404
1750672262.5866797,inf,inf,0.7882500290870667,1.003250002861023
1750672263.1640282,inf,inf,0.7889999747276306,1.00600004196167
1750672263.7413814,inf,inf,0.7879999876022339,1.0047500133514404
1750672264.1858394,inf,inf,0.7900000214576721,1.0042500495910645
1750672264.7631228,inf,inf,0.7892500162124634,1.0054999589920044
1750672265.3404768,inf,inf,0.7885000109672546,1.0045000314712524
1750672265.9180593,inf,inf,0.7894999980926514,1.003999948501587
1750672266.4957201,inf,inf,0.7885000109672546,1.003499984741211
1750672266.9401062,inf,inf,0.7879999876022339,1.003499984741211
1750672267.3389711,inf,inf,0.7875000238418579,1.0042500495910645
1750672267.9172287,inf,inf,0.7894999980926514,1.0054999589920044
1750672268.4946806,inf,inf,0.7877500057220459,1.003749966621399
1750672269.0272245,inf,inf,0.7872499823570251,1.0054999589920044
1750672269.5162425,inf,inf,0.7902500033378601,1.0054999589920044
1750672270.0493898,inf,inf,0.7882500290870667,1.0052499771118164
1750672270.6264114,inf,inf,0.7900000214576721,1.0057499408721924
1750672271.203929,inf,inf,0.7885000109672546,1.0052499771118164
1750672271.6484082,inf,inf,0.7882500290870667,1.002750039100647
1750672272.1810508,inf,inf,0.7892500162124634,1.0057499408721924
1750672272.7583687,inf,inf,0.7877500057220459,1.0047500133514404
1750672273.2477124,inf,inf,0.7889999747276306,1.0054999589920044
1750672273.8251119,inf,inf,0.7897499799728394,1.0052499771118164
1750672274.3585045,inf,inf,0.7879999876022339,1.0049999952316284
1750672274.9354112,inf,inf,0.7879999876022339,1.003250002861023
1750672275.4243877,inf,inf,0.7885000109672546,1.0047500133514404
1750672276.0015554,inf,inf,0.7887499928474426,1.0049999952316284
1750672276.5343208,inf,inf,0.7885000109672546,1.0054999589920044
1750672277.0670304,inf,inf,0.7889999747276306,1.0049999952316284
1750672277.5561047,inf,inf,0.7882500290870667,1.002750039100647
1750672278.133647,inf,inf,0.7879999876022339,1.0045000314712524
1750672278.7114005,inf,inf,0.7879999876022339,1.0047500133514404
1750672279.2881916,inf,inf,0.7885000109672546,1.006500005722046
1750672279.8659766,inf,inf,0.7882500290870667,1.0045000314712524
1750672280.4434533,inf,inf,0.7885000109672546,1.006250023841858
1750672280.8876848,inf,inf,0.7894999980926514,1.0077500343322754
1750672281.465088,inf,inf,0.7887499928474426,1.003749966621399
1750672282.0426552,inf,inf,0.7879999876022339,1.0045000314712524
1750672282.619847,inf,inf,0.7892500162124634,1.0075000524520874
1750672283.197204,inf,inf,0.7879999876022339,1.00600004196167
1750672283.5969942,inf,inf,0.7885000109672546,1.0042500495910645
1750672284.086358,inf,inf,0.7885000109672546,1.0052499771118164
1750672284.663771,inf,inf,0.7889999747276306,1.0067499876022339
1750672285.2408652,inf,inf,0.7875000238418579,1.0052499771118164
1750672285.8182955,inf,inf,0.7897499799728394,1.0042500495910645
1750672286.3509314,inf,inf,0.7879999876022339,1.003000020980835
1750672286.840045,inf,inf,0.7875000238418579,1.0052499771118164
1750672287.3725421,inf,inf,0.7885000109672546,1.0052499771118164
1750672287.950157,inf,inf,0.7885000109672546,1.0054999589920044
1750672288.5277445,inf,inf,0.7887499928474426,1.003000020980835
1750672289.061284,inf,inf,0.7887499928474426,1.006500005722046
1750672289.6387434,inf,inf,0.7892500162124634,1.0052499771118164
1750672290.216307,inf,inf,0.7882500290870667,1.003999948501587
1750672290.7934642,inf,inf,0.7894999980926514,1.0072499513626099
1750672291.3711352,inf,inf,0.7887499928474426,1.003999948501587
1750672291.9481268,inf,inf,0.7889999747276306,1.006500005722046
1750672292.481094,inf,inf,0.7882500290870667,1.003499984741211
1750672293.0583293,inf,inf,0.7889999747276306,1.0052499771118164
1750672293.592355,inf,inf,0.7900000214576721,1.0067499876022339
1750672294.1694336,inf,inf,0.7879999876022339,1.0054999589920044
1750672294.747014,inf,inf,0.7879999876022339,1.0049999952316284
1750672295.2792957,inf,inf,0.7894999980926514,1.0042500495910645
1750672295.85743,inf,inf,0.7879999876022339,1.003999948501587
1750672296.4345667,inf,inf,0.7892500162124634,1.0054999589920044
1750672296.9243588,inf,inf,0.7885000109672546,1.0054999589920044
1750672297.4562511,inf,inf,0.7882500290870667,1.0052499771118164
1750672297.9453578,inf,inf,0.7900000214576721,1.0067499876022339
1750672298.5228114,inf,inf,0.7887499928474426,1.006500005722046
1750672299.055455,inf,inf,0.7900000214576721,1.0075000524520874
1750672299.6328554,inf,inf,0.7882500290870667,1.006500005722046
1750672300.2106028,inf,inf,0.7887499928474426,1.0069999694824219
1750672300.6107783,inf,inf,0.7885000109672546,1.0052499771118164
1750672301.0992517,inf,inf,0.7885000109672546,1.0045000314712524
1750672301.6765556,inf,inf,0.7889999747276306,1.0054999589920044
1750672302.2535052,inf,inf,0.7885000109672546,1.0052499771118164
1750672302.8313491,inf,inf,0.7882500290870667,1.00600004196167
1750672303.4089017,inf,inf,0.7877500057220459,1.003499984741211
1750672303.941526,inf,inf,0.7887499928474426,1.003000020980835
1750672304.3858433,inf,inf,0.7882500290870667,1.0054999589920044
1750672304.919121,inf,inf,0.7879999876022339,1.0042500495910645
1750672305.49577,inf,inf,0.7875000238418579,1.003749966621399
1750672306.0299473,inf,inf,0.7877500057220459,1.003499984741211
1750672306.6072412,inf,inf,0.7894999980926514,1.0047500133514404
1750672307.1846864,inf,inf,0.7897499799728394,1.0042500495910645
1750672307.7173226,inf,inf,0.7887499928474426,1.0047500133514404
1750672308.2067943,inf,inf,0.7885000109672546,1.0045000314712524
1750672308.7839322,inf,inf,0.7879999876022339,1.0045000314712524
1750672309.3613,inf,inf,0.7877500057220459,1.003499984741211
1750672309.9385211,inf,inf,0.7887499928474426,1.0057499408721924
1750672310.5160568,inf,inf,0.7885000109672546,1.0054999589920044
1750672311.0935307,inf,inf,0.7882500290870667,1.0054999589920044
1750672311.626126,inf,inf,0.7885000109672546,1.0052499771118164
1750672312.1597846,inf,inf,0.7885000109672546,1.0054999589920044
1750672312.7372668,inf,inf,0.7885000109672546,1.0054999589920044
1750672313.3151207,inf,inf,0.7892500162124634,1.0049999952316284
1750672313.8478181,inf,inf,0.7892500162124634,1.006500005722046
1750672314.424889,inf,inf,0.7900000214576721,1.0067499876022339
1750672314.869355,inf,inf,0.7892500162124634,1.003749966621399
1750672315.3141053,inf,inf,0.7885000109672546,1.0045000314712524
1750672315.8024018,inf,inf,0.7889999747276306,1.0054999589920044
1750672316.3790755,inf,inf,0.7882500290870667,1.003000020980835
1750672316.9568799,inf,inf,0.7879999876022339,1.0042500495910645
1750672317.3564048,inf,inf,0.7897499799728394,1.0077500343322754
1750672317.9337502,inf,inf,0.7902500033378601,1.0067499876022339
1750672318.4676406,inf,inf,0.7877500057220459,1.003749966621399
1750672319.0003085,inf,inf,0.7887499928474426,1.0054999589920044
1750672319.578056,inf,inf,0.7877500057220459,1.0047500133514404
1750672320.1550412,inf,inf,0.7882500290870667,1.0045000314712524
1750672320.7325115,inf,inf,0.7882500290870667,1.0042500495910645
1750672321.2217748,inf,inf,0.7885000109672546,1.0054999589920044
1750672321.7993405,inf,inf,0.7882500290870667,1.0052499771118164
1750672322.375589,inf,inf,0.7904999852180481,1.0047500133514404
1750672322.9538147,inf,inf,0.7875000238418579,1.003499984741211
1750672323.531295,inf,inf,0.7892500162124634,1.0047500133514404
1750672324.1085725,inf,inf,0.7892500162124634,1.0075000524520874
1750672324.6860225,inf,inf,0.7882500290870667,1.003000020980835
1750672325.086384,inf,inf,0.7875000238418579,1.0049999952316284
1750672325.5748646,inf,inf,0.7887499928474426,1.0054999589920044
1750672326.1522274,inf,inf,0.7892500162124634,1.0069999694824219
1750672326.6858733,inf,inf,0.7897499799728394,1.003999948501587
1750672327.2178748,inf,inf,0.7897499799728394,1.003999948501587
1750672327.6622603,inf,inf,0.7897499799728394,1.003999948501587
1750672328.2395911,inf,inf,0.7885000109672546,1.0054999589920044
1750672328.8165743,inf,inf,0.7882500290870667,1.0057499408721924
1750672329.394391,inf,inf,0.7889999747276306,1.006250023841858
1750672329.9280393,inf,inf,0.7889999747276306,1.0054999589920044
1750672330.5057602,inf,inf,0.7887499928474426,1.0052499771118164
1750672331.082973,inf,inf,0.7894999980926514,1.0045000314712524
1750672331.616344,inf,inf,0.7885000109672546,1.0045000314712524
1750672332.193338,inf,inf,0.7885000109672546,1.003999948501587
1750672332.6377623,inf,inf,0.7900000214576721,1.0072499513626099
1750672333.215525,inf,inf,0.7885000109672546,1.003499984741211
1750672333.7924664,inf,inf,0.7900000214576721,1.006500005722046
1750672334.2375329,inf,inf,0.7889999747276306,1.0045000314712524
1750672334.6368368,inf,inf,0.7887499928474426,1.0054999589920044
1750672335.2140563,inf,inf,0.7882500290870667,1.003499984741211
1750672335.791416,inf,inf,0.7889999747276306,1.0057499408721924
1750672336.3686376,inf,inf,0.7882500290870667,1.0054999589920044
1750672336.9459999,inf,inf,0.7882500290870667,1.0052499771118164
1750672337.5234878,inf,inf,0.7882500290870667,1.0052499771118164
1750672338.1007543,inf,inf,0.7875000238418579,1.0049999952316284
1750672338.6782632,inf,inf,0.7887499928474426,1.0052499771118164
1750672339.0784411,inf,inf,0.7885000109672546,1.0057499408721924
1750672339.6555786,inf,inf,0.7879999876022339,1.0054999589920044
1750672340.1894076,inf,inf,0.7885000109672546,1.0054999589920044
1750672340.7665203,inf,inf,0.7892500162124634,1.0054999589920044
1750672341.3435814,inf,inf,0.7900000214576721,1.0069999694824219
1750672341.877306,inf,inf,0.7885000109672546,1.006250023841858
1750672342.365065,inf,inf,0.7882500290870667,1.003250002861023
1750672342.9435,inf,inf,0.7879999876022339,1.006250023841858
1750672343.5209465,inf,inf,0.7900000214576721,1.0075000524520874
1750672344.053317,inf,inf,0.7882500290870667,1.0045000314712524
1750672344.6309528,inf,inf,0.7885000109672546,1.0049999952316284
1750672345.1201994,inf,inf,0.7877500057220459,1.003250002861023
1750672345.6531956,inf,inf,0.7885000109672546,1.006500005722046
1750672346.1854687,inf,inf,0.7889999747276306,1.006250023841858
1750672346.6749446,inf,inf,0.7885000109672546,1.0057499408721924
1750672347.0744667,inf,inf,0.7877500057220459,1.0054999589920044
1750672347.6514802,inf,inf,0.7875000238418579,1.003499984741211
1750672348.229061,inf,inf,0.7879999876022339,1.0054999589920044
1750672348.7618537,inf,inf,0.7887499928474426,1.006500005722046
1750672349.2508163,inf,inf,0.7900000214576721,1.006500005722046
1750672349.8284724,inf,inf,0.7887499928474426,1.006250023841858
1750672350.406045,inf,inf,0.7877500057220459,1.003499984741211
1750672350.9831865,inf,inf,0.7879999876022339,1.0047500133514404
1750672351.5604732,inf,inf,0.7887499928474426,1.0052499771118164
1750672352.1378868,inf,inf,0.7877500057220459,1.00600004196167
1750672352.7153234,inf,inf,0.7900000214576721,1.0069999694824219
1750672353.2929509,inf,inf,0.7889999747276306,1.0054999589920044
1750672353.8700564,inf,inf,0.7892500162124634,1.006500005722046
1750672354.4040592,inf,inf,0.7900000214576721,1.0069999694824219
1750672354.936469,inf,inf,0.7877500057220459,1.0047500133514404
1750672355.3811088,inf,inf,0.7892500162124634,1.0054999589920044
1750672355.958588,inf,inf,0.7902500033378601,1.0075000524520874
1750672356.535633,inf,inf,0.7902500033378601,1.0075000524520874
1750672357.1130397,inf,inf,0.7882500290870667,1.0057499408721924
1750672357.6904066,inf,inf,0.7879999876022339,1.0045000314712524
1750672358.2679422,inf,inf,0.7882500290870667,1.0054999589920044
1750672358.8455088,inf,inf,0.7875000238418579,1.0045000314712524
1750672359.422874,inf,inf,0.7877500057220459,1.0057499408721924
1750672360.0002024,inf,inf,0.7894999980926514,1.0042500495910645
1750672360.5773416,inf,inf,0.7885000109672546,1.0054999589920044
1750672361.1114025,inf,inf,0.7877500057220459,1.0045000314712524
1750672361.688575,inf,inf,0.7887499928474426,1.0045000314712524
1750672362.2661424,inf,inf,0.7887499928474426,1.0049999952316284
1750672362.7540786,inf,inf,0.7889999747276306,1.006250023841858
1750672363.2882173,inf,inf,0.7904999852180481,1.0075000524520874
1750672363.8205426,inf,inf,0.7879999876022339,1.0054999589920044
1750672364.3983068,inf,inf,0.7885000109672546,1.0052499771118164
1750672364.9754894,inf,inf,0.7877500057220459,1.0049999952316284
1750672365.5528777,inf,inf,0.7882500290870667,1.003000020980835
1750672366.130152,inf,inf,0.7882500290870667,1.0052499771118164
1750672366.619534,inf,inf,0.7889999747276306,1.0052499771118164
1750672367.196497,inf,inf,0.7885000109672546,1.0052499771118164
1750672367.7743204,inf,inf,0.7885000109672546,1.0054999589920044
1750672368.3073652,inf,inf,0.7887499928474426,1.0049999952316284
1750672368.8846817,inf,inf,0.7887499928474426,1.0049999952316284
1750672369.3732262,inf,inf,0.7894999980926514,1.0067499876022339
1750672369.7738018,inf,inf,0.7887499928474426,1.0045000314712524
1750672370.349853,inf,inf,0.7902500033378601,1.0077500343322754
1750672370.7950394,inf,inf,0.7887499928474426,1.0057499408721924
1750672371.283126,inf,inf,0.7882500290870667,1.0049999952316284
1750672371.860395,inf,inf,0.7887499928474426,1.0054999589920044
1750672372.4375002,inf,inf,0.7879999876022339,1.003000020980835
1750672372.8823557,inf,inf,0.7882500290870667,1.0047500133514404
1750672373.414776,inf,inf,0.7885000109672546,1.0049999952316284
1750672373.9034579,inf,inf,0.7892500162124634,1.0049999952316284
1750672374.4369204,inf,inf,0.7887499928474426,1.003250002861023
1750672375.0141568,inf,inf,0.7887499928474426,1.006250023841858
1750672375.5916395,inf,inf,0.7875000238418579,1.0054999589920044
1750672376.1252232,inf,inf,0.7877500057220459,1.0049999952316284
1750672376.6584976,inf,inf,0.7887499928474426,1.0054999589920044
1750672377.235573,inf,inf,0.7885000109672546,1.003250002861023
1750672377.679789,inf,inf,0.7900000214576721,1.0042500495910645
1750672378.2574444,inf,inf,0.7887499928474426,1.0069999694824219
1750672378.8348057,inf,inf,0.7879999876022339,1.003250002861023
1750672379.4120235,inf,inf,0.7882500290870667,1.0057499408721924
1750672379.9452202,inf,inf,0.7892500162124634,1.0047500133514404
1750672380.389993,inf,inf,0.7889999747276306,1.0054999589920044
1750672380.9667552,inf,inf,0.7885000109672546,1.0052499771118164
1750672381.4116788,inf,inf,0.7882500290870667,1.0057499408721924
1750672381.9886308,inf,inf,0.7879999876022339,1.00600004196167
1750672382.5657017,inf,inf,0.7885000109672546,1.0052499771118164
1750672383.0985472,inf,inf,0.7887499928474426,1.0052499771118164
1750672383.5879052,inf,inf,0.7887499928474426,1.003999948501587
1750672384.120486,inf,inf,0.7882500290870667,1.0054999589920044
1750672384.6981535,inf,inf,0.7897499799728394,1.0045000314712524
1750672385.2756002,inf,inf,0.7882500290870667,1.003999948501587
1750672385.719891,inf,inf,0.7879999876022339,1.0057499408721924
1750672386.2971659,inf,inf,0.7885000109672546,1.0049999952316284
1750672386.7863607,inf,inf,0.7887499928474426,1.0049999952316284
1750672387.318406,inf,inf,0.7879999876022339,1.00600004196167
1750672387.8963113,inf,inf,0.7882500290870667,1.0042500495910645
1750672388.4737656,inf,inf,0.7894999980926514,1.0075000524520874
1750672389.0514061,inf,inf,0.7882500290870667,1.0047500133514404
1750672389.6287048,inf,inf,0.7887499928474426,1.0052499771118164
1750672390.206005,inf,inf,0.7885000109672546,1.0057499408721924
1750672390.783313,inf,inf,0.7877500057220459,1.003499984741211
1750672391.317519,inf,inf,0.7892500162124634,1.0045000314712524
1750672391.894374,inf,inf,0.7877500057220459,1.003999948501587
1750672392.3823626,inf,inf,0.7882500290870667,1.0057499408721924
1750672392.8271086,inf,inf,0.7877500057220459,1.00600004196167
1750672393.226809,inf,inf,0.7885000109672546,1.00600004196167
1750672393.7599952,inf,inf,0.7885000109672546,1.0057499408721924
1750672394.3370047,inf,inf,0.7875000238418579,1.0045000314712524
1750672394.8264692,inf,inf,0.7887499928474426,1.0052499771118164
1750672395.4036183,inf,inf,0.7885000109672546,1.0052499771118164
1750672395.9809809,inf,inf,0.7889999747276306,1.0045000314712524
1750672396.5581605,inf,inf,0.7900000214576721,1.0067499876022339
1750672397.047333,inf,inf,0.7877500057220459,1.00600004196167
1750672397.5800612,inf,inf,0.7887499928474426,1.0049999952316284
1750672398.1578538,inf,inf,0.7882500290870667,1.0045000314712524
1750672398.7349765,inf,inf,0.7885000109672546,1.0054999589920044
1750672399.3124795,inf,inf,0.7889999747276306,1.006500005722046
1750672399.8896432,inf,inf,0.7900000214576721,1.0067499876022339
1750672400.4672298,inf,inf,0.7877500057220459,1.003499984741211
1750672401.0007498,inf,inf,0.7892500162124634,1.0054999589920044
1750672401.5782385,inf,inf,0.7887499928474426,1.006250023841858
1750672402.155944,inf,inf,0.7882500290870667,1.0052499771118164
1750672402.6883302,inf,inf,0.7879999876022339,1.0057499408721924
1750672403.266037,inf,inf,0.7882500290870667,1.0047500133514404
1750672403.8432713,inf,inf,0.7879999876022339,1.0042500495910645
1750672404.3321733,inf,inf,0.7889999747276306,1.0054999589920044
1750672404.820518,inf,inf,0.7882500290870667,1.003250002861023
1750672405.3974035,inf,inf,0.7897499799728394,1.003999948501587
1750672405.8868258,inf,inf,0.7877500057220459,1.0042500495910645
1750672406.419689,inf,inf,0.7879999876022339,1.003999948501587
1750672406.9085617,inf,inf,0.7885000109672546,1.0054999589920044
1750672407.396339,inf,inf,0.7897499799728394,1.003999948501587
1750672407.9746194,inf,inf,0.7882500290870667,1.0054999589920044
1750672408.551543,inf,inf,0.7894999980926514,1.0049999952316284
1750672409.0856361,inf,inf,0.7877500057220459,1.003499984741211
1750672409.6626961,inf,inf,0.7885000109672546,1.0054999589920044
1750672410.062543,inf,inf,0.7882500290870667,1.003999948501587
1750672410.5505147,inf,inf,0.7882500290870667,1.0054999589920044
1750672410.9949484,inf,inf,0.7882500290870667,1.0042500495910645
1750672411.5276701,inf,inf,0.7870000004768372,1.0054999589920044
1750672411.9723253,inf,inf,0.7892500162124634,1.0072499513626099
1750672412.5493762,inf,inf,0.7900000214576721,1.0045000314712524
1750672413.127373,inf,inf,0.7900000214576721,1.0067499876022339
1750672413.7047408,inf,inf,0.7882500290870667,1.002750039100647
1750672414.281895,inf,inf,0.7894999980926514,1.0049999952316284
1750672414.8155792,inf,inf,0.7889999747276306,1.003999948501587
1750672415.3928924,inf,inf,0.7885000109672546,1.0057499408721924
1750672415.926176,inf,inf,0.7882500290870667,1.0054999589920044
1750672416.4584758,inf,inf,0.7882500290870667,1.00600004196167
1750672416.9031377,inf,inf,0.7882500290870667,1.00600004196167
1750672417.3027084,inf,inf,0.7897499799728394,1.003999948501587
1750672417.8799813,inf,inf,0.7897499799728394,1.0042500495910645
1750672418.4576857,inf,inf,0.7897499799728394,1.0042500495910645
1750672419.0348709,inf,inf,0.7879999876022339,1.002750039100647
1750672419.6123607,inf,inf,0.7879999876022339,1.0047500133514404
1750672420.146217,inf,inf,0.7885000109672546,1.006250023841858
1750672420.7235417,inf,inf,0.7887499928474426,1.006250023841858
1750672421.3010187,inf,inf,0.7875000238418579,1.0049999952316284
1750672421.8780637,inf,inf,0.7887499928474426,1.00600004196167
1750672422.4551673,inf,inf,0.7882500290870667,1.0054999589920044
1750672423.03291,inf,inf,0.7885000109672546,1.0042500495910645
1750672423.610228,inf,inf,0.7889999747276306,1.0054999589920044
1750672424.1881082,inf,inf,0.7900000214576721,1.0067499876022339
1750672424.6322796,inf,inf,0.7882500290870667,1.00600004196167
1750672425.1648645,inf,inf,0.7894999980926514,1.006500005722046
1750672425.6089063,inf,inf,0.7879999876022339,1.003000020980835
1750672426.1425297,inf,inf,0.7900000214576721,1.006500005722046
1750672426.631209,inf,inf,0.7882500290870667,1.00600004196167
1750672427.2085347,inf,inf,0.7894999980926514,1.006500005722046
1750672427.7859888,inf,inf,0.7902500033378601,1.0069999694824219
1750672428.3634272,inf,inf,0.7885000109672546,1.0042500495910645
1750672428.940877,inf,inf,0.7879999876022339,1.0042500495910645
1750672429.5185773,inf,inf,0.7885000109672546,1.0042500495910645
1750672429.9626944,inf,inf,0.7882500290870667,1.0049999952316284
1750672430.3629014,inf,inf,0.7879999876022339,1.0047500133514404
1750672430.7624967,inf,inf,0.7885000109672546,1.0054999589920044
1750672431.2953115,inf,inf,0.7885000109672546,1.0057499408721924
1750672431.7842093,inf,inf,0.7882500290870667,1.0057499408721924
1750672432.3607273,inf,inf,0.7894999980926514,1.0069999694824219
1750672432.9389408,inf,inf,0.7900000214576721,1.0067499876022339
1750672433.516211,inf,inf,0.7882500290870667,1.003499984741211
1750672434.0934958,inf,inf,0.7885000109672546,1.0045000314712524
1750672434.6710706,inf,inf,0.7889999747276306,1.0045000314712524
1750672435.2485309,inf,inf,0.7897499799728394,1.0045000314712524
1750672435.8259218,inf,inf,0.7882500290870667,1.0047500133514404
1750672436.3148916,inf,inf,0.7900000214576721,1.006500005722046
1750672436.8923075,inf,inf,0.7879999876022339,1.0045000314712524
1750672437.469119,inf,inf,0.7889999747276306,1.0072499513626099
1750672438.047211,inf,inf,0.7894999980926514,1.0042500495910645
1750672438.5804749,inf,inf,0.7885000109672546,1.0057499408721924
1750672439.0689964,inf,inf,0.7885000109672546,1.0069999694824219
1750672439.646473,inf,inf,0.7882500290870667,1.0054999589920044
1750672440.2239492,inf,inf,0.7875000238418579,1.0045000314712524
1750672440.668314,inf,inf,0.7879999876022339,1.003999948501587
1750672441.156383,inf,inf,0.7894999980926514,1.0042500495910645
1750672441.7338216,inf,inf,0.7885000109672546,1.0054999589920044
1750672442.3110087,inf,inf,0.7894999980926514,1.0045000314712524
1750672442.8004594,inf,inf,0.7900000214576721,1.0042500495910645
1750672443.376938,inf,inf,0.7900000214576721,1.0067499876022339
1750672443.9551504,inf,inf,0.7882500290870667,1.0057499408721924
1750672444.5323262,inf,inf,0.7885000109672546,1.003999948501587
1750672445.1101031,inf,inf,0.7882500290870667,1.0054999589920044
1750672445.5987408,inf,inf,0.7885000109672546,1.0057499408721924
1750672446.1762888,inf,inf,0.7875000238418579,1.0042500495910645
1750672446.7529166,inf,inf,0.7879999876022339,1.0057499408721924
1750672447.3310747,inf,inf,0.7879999876022339,1.003000020980835
1750672447.908665,inf,inf,0.7879999876022339,1.00600004196167
1750672448.4856853,inf,inf,0.7902500033378601,1.0069999694824219
1750672449.0630765,inf,inf,0.7887499928474426,1.006250023841858
1750672449.6404536,inf,inf,0.7879999876022339,1.003000020980835
1750672450.2179456,inf,inf,0.7885000109672546,1.0054999589920044
1750672450.7509203,inf,inf,0.7879999876022339,1.0049999952316284
1750672451.32909,inf,inf,0.7900000214576721,1.0072499513626099
1750672451.906898,inf,inf,0.7897499799728394,1.0045000314712524
1750672452.4832299,inf,inf,0.7882500290870667,1.0057499408721924
1750672453.016944,inf,inf,0.7894999980926514,1.0042500495910645
1750672453.5939376,inf,inf,0.7889999747276306,1.0052499771118164
1750672454.171775,inf,inf,0.7887499928474426,1.0054999589920044
1750672454.7488189,inf,inf,0.7882500290870667,1.003499984741211
1750672455.2827964,inf,inf,0.7887499928474426,1.003999948501587
1750672455.8592546,inf,inf,0.7900000214576721,1.0067499876022339
1750672456.437694,inf,inf,0.7897499799728394,1.0042500495910645
1750672456.970011,inf,inf,0.7875000238418579,1.003250002861023
1750672457.4138708,inf,inf,0.7882500290870667,1.0047500133514404
1750672457.9473052,inf,inf,0.7885000109672546,1.0057499408721924
1750672458.5245926,inf,inf,0.7900000214576721,1.0072499513626099
1750672459.102008,inf,inf,0.7885000109672546,1.003999948501587
1750672459.6356537,inf,inf,0.7900000214576721,1.006500005722046
1750672460.2130368,inf,inf,0.7882500290870667,1.0042500495910645
1750672460.7908778,inf,inf,0.7885000109672546,1.0052499771118164
1750672461.3679085,inf,inf,0.7875000238418579,1.003749966621399
1750672461.901064,inf,inf,0.7879999876022339,1.003749966621399
1750672462.3888273,inf,inf,0.7879999876022339,1.003999948501587
1750672462.9223557,inf,inf,0.7897499799728394,1.0045000314712524
1750672463.4555686,inf,inf,0.7885000109672546,1.0052499771118164
1750672464.0327485,inf,inf,0.7885000109672546,1.0049999952316284
1750672464.566712,inf,inf,0.7879999876022339,1.0054999589920044
1750672465.0991597,inf,inf,0.7885000109672546,1.0042500495910645
1750672465.6319044,inf,inf,0.7879999876022339,1.0042500495910645
1750672466.2092378,inf,inf,0.7882500290870667,1.003749966621399
1750672466.7429583,inf,inf,0.7877500057220459,1.003250002861023
1750672467.2311902,inf,inf,0.7882500290870667,1.003499984741211
1750672467.6755536,inf,inf,0.7897499799728394,1.003749966621399
1750672468.253056,inf,inf,0.7882500290870667,1.0042500495910645
1750672468.6981046,inf,inf,0.7882500290870667,1.0047500133514404
1750672469.2750785,inf,inf,0.7897499799728394,1.00600004196167
1750672469.852198,inf,inf,0.7875000238418579,1.003999948501587
1750672470.2968154,inf,inf,0.7882500290870667,1.00600004196167
1750672470.8742023,inf,inf,0.7877500057220459,1.003250002861023
1750672471.4518433,inf,inf,0.7900000214576721,1.00600004196167
1750672472.0288513,inf,inf,0.7885000109672546,1.0054999589920044
1750672472.6064093,inf,inf,0.7885000109672546,1.0054999589920044
1750672473.1835246,inf,inf,0.7894999980926514,1.0049999952316284
1750672473.761014,inf,inf,0.7885000109672546,1.006500005722046
1750672474.3386073,inf,inf,0.7900000214576721,1.006250023841858
1750672474.8272378,inf,inf,0.7887499928474426,1.003749966621399
1750672475.3603761,inf,inf,0.7900000214576721,1.006250023841858
1750672475.9377136,inf,inf,0.7879999876022339,1.00600004196167
1750672476.5148833,inf,inf,0.7887499928474426,1.0042500495910645
1750672477.0040796,inf,inf,0.7877500057220459,1.003499984741211
1750672477.5364792,inf,inf,0.7887499928474426,1.003499984741211
1750672477.9817379,inf,inf,0.7885000109672546,1.0042500495910645
1750672478.5140634,inf,inf,0.7877500057220459,1.0042500495910645
1750672478.9586685,inf,inf,0.7897499799728394,1.00600004196167
1750672479.5360124,inf,inf,0.7875000238418579,1.0045000314712524
1750672480.0240273,inf,inf,0.7902500033378601,1.0067499876022339
1750672480.5579643,inf,inf,0.7892500162124634,1.0067499876022339
1750672481.1351676,inf,inf,0.7887499928474426,1.0042500495910645
1750672481.7124412,inf,inf,0.7885000109672546,1.0045000314712524
1750672482.2899883,inf,inf,0.7885000109672546,1.0049999952316284
1750672482.8227756,inf,inf,0.7882500290870667,1.0042500495910645
1750672483.4000647,inf,inf,0.7889999747276306,1.0052499771118164
1750672483.9777415,inf,inf,0.7882500290870667,1.003999948501587
1750672484.5111067,inf,inf,0.7882500290870667,1.0057499408721924
1750672485.0887892,inf,inf,0.7894999980926514,1.0047500133514404
1750672485.6663444,inf,inf,0.7900000214576721,1.0045000314712524
1750672486.1986742,inf,inf,0.7892500162124634,1.0047500133514404
1750672486.7761495,inf,inf,0.7885000109672546,1.0049999952316284
1750672487.3531382,inf,inf,0.7879999876022339,1.003999948501587
1750672487.842674,inf,inf,0.7882500290870667,1.0042500495910645
1750672488.4202468,inf,inf,0.7885000109672546,1.0052499771118164
1750672488.9973724,inf,inf,0.7879999876022339,1.0057499408721924
1750672489.5747187,inf,inf,0.7889999747276306,1.003000020980835
1750672490.1522148,inf,inf,0.7889999747276306,1.003000020980835
1750672490.6857107,inf,inf,0.7887499928474426,1.0049999952316284
1750672491.173859,inf,inf,0.7885000109672546,1.0045000314712524
1750672491.7512827,inf,inf,0.7897499799728394,1.0052499771118164
1750672492.3289473,inf,inf,0.7885000109672546,1.0057499408721924
1750672492.906279,inf,inf,0.7900000214576721,1.0045000314712524
1750672493.3507838,inf,inf,0.7882500290870667,1.0052499771118164
1750672493.8832386,inf,inf,0.7894999980926514,1.0045000314712524
1750672494.4607337,inf,inf,0.7902500033378601,1.0049999952316284
1750672495.0385275,inf,inf,0.7894999980926514,1.0049999952316284
1750672495.6155107,inf,inf,0.7885000109672546,1.0057499408721924
1750672496.149237,inf,inf,0.7877500057220459,1.0047500133514404
1750672496.7266614,inf,inf,0.7882500290870667,1.0045000314712524
1750672497.126629,inf,inf,0.7882500290870667,1.0057499408721924
1750672497.6145642,inf,inf,0.7875000238418579,1.003749966621399
1750672498.192122,inf,inf,0.7887499928474426,1.0057499408721924
1750672498.725609,inf,inf,0.7887499928474426,1.0057499408721924
1750672499.3030565,inf,inf,0.7887499928474426,1.0045000314712524
1750672499.8807487,inf,inf,0.7892500162124634,1.0042500495910645
1750672500.457938,inf,inf,0.7885000109672546,1.0052499771118164
1750672501.0353413,inf,inf,0.7885000109672546,1.0052499771118164
1750672501.612602,inf,inf,0.7875000238418579,1.003499984741211
1750672502.1897388,inf,inf,0.7882500290870667,1.0052499771118164
1750672502.6346262,inf,inf,0.7882500290870667,1.0052499771118164
1750672503.212003,inf,inf,0.7882500290870667,1.0052499771118164
1750672503.7455537,inf,inf,0.7885000109672546,1.0045000314712524
1750672504.1891115,inf,inf,0.7887499928474426,1.0042500495910645
1750672504.7667315,inf,inf,0.7887499928474426,1.0057499408721924
1750672505.2114,inf,inf,0.7889999747276306,1.0045000314712524
1750672505.7885134,inf,inf,0.7870000004768372,1.003250002861023
1750672506.3657804,inf,inf,0.7887499928474426,1.0057499408721924
1750672506.9430895,inf,inf,0.7879999876022339,1.0047500133514404
1750672507.5199935,inf,inf,0.7885000109672546,1.0054999589920044
1750672508.0982628,inf,inf,0.7879999876022339,1.0047500133514404
1750672508.6752644,inf,inf,0.7882500290870667,1.0045000314712524
1750672509.2527428,inf,inf,0.7877500057220459,1.0047500133514404
1750672509.8301923,inf,inf,0.7900000214576721,1.0069999694824219
1750672510.3640404,inf,inf,0.7900000214576721,1.0067499876022339
1750672510.9410906,inf,inf,0.7889999747276306,1.003499984741211
1750672511.4294457,inf,inf,0.7879999876022339,1.0052499771118164
1750672511.9187334,inf,inf,0.7879999876022339,1.0057499408721924
1750672512.4063568,inf,inf,0.7879999876022339,1.0054999589920044
1750672512.940166,inf,inf,0.7887499928474426,1.003499984741211
1750672513.5175853,inf,inf,0.7897499799728394,1.0069999694824219
1750672514.0951262,inf,inf,0.7887499928474426,1.0047500133514404
1750672514.6725464,inf,inf,0.7879999876022339,1.00600004196167
1750672515.2503307,inf,inf,0.7885000109672546,1.0042500495910645
1750672515.6054194,inf,inf,0.7882500290870667,1.0052499771118164
1750672516.182397,inf,inf,0.7882500290870667,1.0045000314712524
1750672516.6714962,inf,inf,0.7897499799728394,1.0042500495910645
1750672517.159611,inf,inf,0.7879999876022339,1.0045000314712524
1750672517.649154,inf,inf,0.7892500162124634,1.0067499876022339
1750672518.1815054,inf,inf,0.7882500290870667,1.0057499408721924
1750672518.7589583,inf,inf,0.7879999876022339,1.0052499771118164
1750672519.3363657,inf,inf,0.7887499928474426,1.0045000314712524
1750672519.9139102,inf,inf,0.7882500290870667,1.003999948501587
1750672520.4033277,inf,inf,0.7879999876022339,1.0049999952316284
1750672520.8908951,inf,inf,0.7885000109672546,1.0045000314712524
1750672521.4250667,inf,inf,0.7877500057220459,1.0047500133514404
1750672522.0018468,inf,inf,0.7894999980926514,1.0042500495910645
1750672522.4895816,inf,inf,0.7887499928474426,1.0042500495910645
1750672522.9344566,inf,inf,0.7882500290870667,1.0052499771118164
1750672523.4677534,inf,inf,0.7900000214576721,1.0072499513626099
1750672524.0446925,inf,inf,0.7872499823570251,1.0045000314712524
1750672524.578671,inf,inf,0.7882500290870667,1.006500005722046
1750672525.1558616,inf,inf,0.7894999980926514,1.0067499876022339
1750672525.5554922,inf,inf,0.7872499823570251,1.003250002861023
1750672526.043589,inf,inf,0.7887499928474426,1.0054999589920044
1750672526.621236,inf,inf,0.7882500290870667,1.0042500495910645
1750672527.1550171,inf,inf,0.7897499799728394,1.0069999694824219
1750672527.7323058,inf,inf,0.7887499928474426,1.0042500495910645
1750672528.3098865,inf,inf,0.7875000238418579,1.0045000314712524
1750672528.8869445,inf,inf,0.7892500162124634,1.0045000314712524
1750672529.4643736,inf,inf,0.7887499928474426,1.0045000314712524
1750672530.0416954,inf,inf,0.7885000109672546,1.0047500133514404
1750672530.5747411,inf,inf,0.7887499928474426,1.0047500133514404
1750672531.1518269,inf,inf,0.7902500033378601,1.003999948501587
1750672531.686062,inf,inf,0.7902500033378601,1.0042500495910645
1750672532.263086,inf,inf,0.7887499928474426,1.002750039100647
1750672532.7510433,inf,inf,0.7882500290870667,1.0049999952316284
1750672533.1510072,inf,inf,0.7889999747276306,1.0042500495910645
1750672533.6403327,inf,inf,0.7879999876022339,1.003499984741211
1750672534.2174203,inf,inf,0.7897499799728394,1.0042500495910645
1750672534.7950082,inf,inf,0.7885000109672546,1.0054999589920044
1750672535.2393904,inf,inf,0.7879999876022339,1.0045000314712524
1750672535.63912,inf,inf,0.7885000109672546,1.0047500133514404
1750672536.1720214,inf,inf,0.7882500290870667,1.0054999589920044
1750672536.6163,inf,inf,0.7894999980926514,1.0049999952316284
1750672537.1941733,inf,inf,0.7885000109672546,1.006500005722046
1750672537.7709947,inf,inf,0.7870000004768372,1.0045000314712524
1750672538.30394,inf,inf,0.7879999876022339,1.0045000314712524
1750672538.7930982,inf,inf,0.7872499823570251,1.003749966621399
1750672539.3703513,inf,inf,0.7885000109672546,1.003999948501587
1750672539.947674,inf,inf,0.7900000214576721,1.006250023841858
1750672540.525119,inf,inf,0.7885000109672546,1.003999948501587
1750672541.102631,inf,inf,0.7900000214576721,1.0047500133514404
1750672541.680106,inf,inf,0.7887499928474426,1.003499984741211
1750672542.2571268,inf,inf,0.7882500290870667,1.0045000314712524
1750672542.8346279,inf,inf,0.7879999876022339,1.0047500133514404
1750672543.4123209,inf,inf,0.7889999747276306,1.0045000314712524
1750672543.9895186,inf,inf,0.7889999747276306,1.00600004196167
1750672544.5236793,inf,inf,0.7894999980926514,1.006500005722046
1750672545.1006951,inf,inf,0.7882500290870667,1.0054999589920044
1750672545.6780777,inf,inf,0.7882500290870667,1.0045000314712524
1750672546.1661968,inf,inf,0.7887499928474426,1.003000020980835
1750672546.6996856,inf,inf,0.7882500290870667,1.0045000314712524
1750672547.277364,inf,inf,0.7879999876022339,1.0049999952316284
1750672547.8549027,inf,inf,0.7879999876022339,1.0047500133514404
1750672548.2546787,inf,inf,0.7885000109672546,1.0052499771118164
1750672548.7873209,inf,inf,0.7882500290870667,1.0052499771118164
1750672549.3644981,inf,inf,0.7882500290870667,1.0047500133514404
1750672549.9422097,inf,inf,0.7885000109672546,1.0057499408721924
1750672550.5193038,inf,inf,0.7889999747276306,1.0052499771118164
1750672551.0966,inf,inf,0.7900000214576721,1.0042500495910645
1750672551.6306133,inf,inf,0.7882500290870667,1.0042500495910645
1750672552.118902,inf,inf,0.7879999876022339,1.0047500133514404
1750672552.6074688,inf,inf,0.7885000109672546,1.0049999952316284
1750672553.1854074,inf,inf,0.7897499799728394,1.0042500495910645
1750672553.7624476,inf,inf,0.7885000109672546,1.0049999952316284
1750672554.1625144,inf,inf,0.7879999876022339,1.0047500133514404
1750672554.5178266,inf,inf,0.7882500290870667,1.003999948501587
1750672554.962228,inf,inf,0.7882500290870667,1.0042500495910645
1750672555.4944863,inf,inf,0.7875000238418579,1.0049999952316284
1750672556.027091,inf,inf,0.7900000214576721,1.006500005722046
1750672556.516707,inf,inf,0.7889999747276306,1.0042500495910645
1750672557.049411,inf,inf,0.7885000109672546,1.0042500495910645
1750672557.53771,inf,inf,0.7882500290870667,1.0042500495910645
1750672558.0264356,inf,inf,0.7879999876022339,1.0054999589920044
1750672558.6037562,inf,inf,0.7887499928474426,1.0047500133514404
1750672559.0928524,inf,inf,0.7877500057220459,1.0057499408721924
1750672559.6705413,inf,inf,0.7877500057220459,1.0054999589920044
1750672560.1147885,inf,inf,0.7875000238418579,1.0052499771118164
1750672560.691992,inf,inf,0.7889999747276306,1.0042500495910645
1750672561.2695248,inf,inf,0.7897499799728394,1.006500005722046
1750672561.846931,inf,inf,0.7885000109672546,1.0054999589920044
1750672562.4238148,inf,inf,0.7879999876022339,1.0052499771118164
1750672562.9570608,inf,inf,0.7902500033378601,1.0069999694824219
1750672563.5346234,inf,inf,0.7885000109672546,1.0057499408721924
1750672564.0683546,inf,inf,0.7892500162124634,1.003749966621399
1750672564.6008239,inf,inf,0.7902500033378601,1.0069999694824219
1750672565.1786945,inf,inf,0.7885000109672546,1.003999948501587
1750672565.755764,inf,inf,0.7885000109672546,1.0049999952316284
1750672566.3332179,inf,inf,0.7882500290870667,1.0045000314712524
1750672566.910438,inf,inf,0.7882500290870667,1.0054999589920044
1750672567.487522,inf,inf,0.7875000238418579,1.003749966621399
1750672568.0215147,inf,inf,0.7882500290870667,1.0052499771118164
1750672568.599056,inf,inf,0.7877500057220459,1.0054999589920044
1750672569.1767333,inf,inf,0.7904999852180481,1.0069999694824219
1750672569.7538073,inf,inf,0.7887499928474426,1.00600004196167
1750672570.3314333,inf,inf,0.7904999852180481,1.0069999694824219
1750672570.9085405,inf,inf,0.7882500290870667,1.0054999589920044
1750672571.4859333,inf,inf,0.7885000109672546,1.00600004196167
1750672572.0635233,inf,inf,0.7887499928474426,1.0052499771118164
1750672572.6406794,inf,inf,0.7892500162124634,1.003749966621399
1750672573.2184362,inf,inf,0.7892500162124634,1.003499984741211
1750672573.7953176,inf,inf,0.7885000109672546,1.003749966621399
1750672574.3289592,inf,inf,0.7882500290870667,1.0042500495910645
1750672574.9064677,inf,inf,0.7885000109672546,1.0052499771118164
1750672575.4840345,inf,inf,0.7872499823570251,1.003999948501587
1750672576.0616863,inf,inf,0.7882500290870667,1.0045000314712524
1750672576.6389,inf,inf,0.7885000109672546,1.0042500495910645
1750672577.2164946,inf,inf,0.7882500290870667,1.0052499771118164
1750672577.74914,inf,inf,0.7882500290870667,1.0045000314712524
1750672578.2830677,inf,inf,0.7889999747276306,1.0049999952316284
1750672578.8598747,inf,inf,0.7879999876022339,1.00600004196167
1750672579.4378223,inf,inf,0.7882500290870667,1.003749966621399
1750672580.0148275,inf,inf,0.7882500290870667,1.0047500133514404
1750672580.5477304,inf,inf,0.7885000109672546,1.0057499408721924
1750672580.9032664,inf,inf,0.7882500290870667,1.0045000314712524
1750672581.3472106,inf,inf,0.7894999980926514,1.0042500495910645
1750672581.7915657,inf,inf,0.7882500290870667,1.003499984741211
1750672582.236406,inf,inf,0.7894999980926514,1.006500005722046
1750672582.8135202,inf,inf,0.7879999876022339,1.0047500133514404
1750672583.3457189,inf,inf,0.7900000214576721,1.0042500495910645
1750672583.8790696,inf,inf,0.7885000109672546,1.0054999589920044
1750672584.368196,inf,inf,0.7882500290870667,1.0054999589920044
1750672584.9459748,inf,inf,0.7902500033378601,1.006250023841858
1750672585.3901956,inf,inf,0.7879999876022339,1.0057499408721924
1750672585.8783243,inf,inf,0.7900000214576721,1.0045000314712524
1750672586.4554036,inf,inf,0.7885000109672546,1.0049999952316284
1750672587.0327427,inf,inf,0.7882500290870667,1.0054999589920044
1750672587.5656874,inf,inf,0.7875000238418579,1.0047500133514404
1750672588.010042,inf,inf,0.7887499928474426,1.0047500133514404
1750672588.499264,inf,inf,0.7894999980926514,1.0042500495910645
1750672589.0766377,inf,inf,0.7894999980926514,1.006500005722046
1750672589.6538942,inf,inf,0.7885000109672546,1.0052499771118164
1750672590.2312756,inf,inf,0.7889999747276306,1.003499984741211
1750672590.808893,inf,inf,0.7877500057220459,1.0045000314712524
1750672591.3863637,inf,inf,0.7892500162124634,1.0049999952316284
1750672591.87578,inf,inf,0.7879999876022339,1.0052499771118164
1750672592.4074082,inf,inf,0.7885000109672546,1.00600004196167
1750672592.8969357,inf,inf,0.7877500057220459,1.0047500133514404
1750672593.4747665,inf,inf,0.7902500033378601,1.006500005722046
1750672594.0510569,inf,inf,0.7885000109672546,1.0045000314712524
1750672594.6292462,inf,inf,0.7885000109672546,1.0042500495910645
1750672595.206633,inf,inf,0.7885000109672546,1.003999948501587
1750672595.7840362,inf,inf,0.7894999980926514,1.0057499408721924
1750672596.36136,inf,inf,0.7877500057220459,1.0045000314712524
1750672596.8941371,inf,inf,0.7879999876022339,1.0052499771118164
1750672597.4274495,inf,inf,0.7887499928474426,1.003999948501587
1750672597.9605117,inf,inf,0.7889999747276306,1.0054999589920044
1750672598.4937632,inf,inf,0.7882500290870667,1.0052499771118164
1750672598.9826005,inf,inf,0.7887499928474426,1.0045000314712524
1750672599.5597875,inf,inf,0.7887499928474426,1.0052499771118164
1750672600.1372664,inf,inf,0.7887499928474426,1.006250023841858
1750672600.6700723,inf,inf,0.7887499928474426,1.003000020980835
1750672601.2473724,inf,inf,0.7879999876022339,1.003749966621399
1750672601.7364705,inf,inf,0.7900000214576721,1.0067499876022339
1750672602.3140502,inf,inf,0.7870000004768372,1.003999948501587
1750672602.8466854,inf,inf,0.7892500162124634,1.0052499771118164
1750672603.4239593,inf,inf,0.7882500290870667,1.0047500133514404
1750672604.0010607,inf,inf,0.7889999747276306,1.0049999952316284
1750672604.4905436,inf,inf,0.7885000109672546,1.003999948501587
1750672605.0679345,inf,inf,0.7877500057220459,1.0049999952316284
1750672605.644927,inf,inf,0.7889999747276306,1.003999948501587
1750672606.2226858,inf,inf,0.7900000214576721,1.0069999694824219
1750672606.800096,inf,inf,0.7892500162124634,1.0049999952316284
1750672607.288523,inf,inf,0.7882500290870667,1.003749966621399
1750672607.8215742,inf,inf,0.7882500290870667,1.0047500133514404
1750672608.354403,inf,inf,0.7885000109672546,1.003000020980835
1750672608.798985,inf,inf,0.7879999876022339,1.006500005722046
1750672609.33179,inf,inf,0.7889999747276306,1.003749966621399
1750672609.8661237,inf,inf,0.7885000109672546,1.0047500133514404
1750672610.4428947,inf,inf,0.7885000109672546,1.00600004196167
1750672611.0204926,inf,inf,0.7907500267028809,1.0054999589920044
1750672611.5083969,inf,inf,0.7887499928474426,1.0042500495910645
1750672612.0426092,inf,inf,0.7879999876022339,1.0052499771118164
1750672612.5747004,inf,inf,0.7877500057220459,1.003999948501587
1750672613.107382,inf,inf,0.7882500290870667,1.0054999589920044
1750672613.596333,inf,inf,0.7877500057220459,1.003000020980835
1750672614.1299431,inf,inf,0.7887499928474426,1.0052499771118164
1750672614.662057,inf,inf,0.7887499928474426,1.0052499771118164
1750672615.1072083,inf,inf,0.7882500290870667,1.0052499771118164
1750672615.6842403,inf,inf,0.7885000109672546,1.0054999589920044
1750672616.128225,inf,inf,0.7885000109672546,1.0042500495910645
1750672616.661015,inf,inf,0.7872499823570251,1.003250002861023
1750672617.2388525,inf,inf,0.7897499799728394,1.003999948501587
1750672617.772416,inf,inf,0.7902500033378601,1.006500005722046
1750672618.3500893,inf,inf,0.7900000214576721,1.0067499876022339
1750672618.926613,inf,inf,0.7889999747276306,1.0052499771118164
1750672619.415835,inf,inf,0.7882500290870667,1.0047500133514404
1750672619.992734,inf,inf,0.7885000109672546,1.0054999589920044
1750672620.526558,inf,inf,0.7889999747276306,1.0052499771118164
1750672621.103664,inf,inf,0.7882500290870667,1.0045000314712524
1750672621.6368182,inf,inf,0.7877500057220459,1.006500005722046
1750672622.2140493,inf,inf,0.7894999980926514,1.003749966621399
1750672622.791619,inf,inf,0.7885000109672546,1.006500005722046
1750672623.3684566,inf,inf,0.7879999876022339,1.003499984741211
1750672623.946007,inf,inf,0.7887499928474426,1.0052499771118164
1750672624.4802525,inf,inf,0.7900000214576721,1.0047500133514404
1750672625.012828,inf,inf,0.7877500057220459,1.0052499771118164
1750672625.5903068,inf,inf,0.7887499928474426,1.0057499408721924
1750672626.1226032,inf,inf,0.7887499928474426,1.003250002861023
1750672626.656551,inf,inf,0.7882500290870667,1.0049999952316284
1750672627.1897368,inf,inf,0.7887499928474426,1.0042500495910645
1750672627.7663443,inf,inf,0.7875000238418579,1.003999948501587
1750672628.3440506,inf,inf,0.7882500290870667,1.003999948501587
1750672628.9215767,inf,inf,0.7889999747276306,1.0047500133514404
1750672629.4990463,inf,inf,0.7882500290870667,1.0052499771118164
1750672630.0760965,inf,inf,0.7879999876022339,1.0054999589920044
1750672630.653696,inf,inf,0.7885000109672546,1.006250023841858
1750672631.1427233,inf,inf,0.7887499928474426,1.003250002861023
1750672631.6754081,inf,inf,0.7882500290870667,1.0049999952316284
1750672632.2526722,inf,inf,0.7885000109672546,1.0057499408721924
1750672632.742785,inf,inf,0.7887499928474426,1.0054999589920044
1750672633.2304387,inf,inf,0.7879999876022339,1.0052499771118164
1750672633.7639985,inf,inf,0.7885000109672546,1.0052499771118164
1750672634.2964945,inf,inf,0.7887499928474426,1.00600004196167
1750672634.7412033,inf,inf,0.7887499928474426,1.0042500495910645
1750672635.2740254,inf,inf,0.7882500290870667,1.0049999952316284
1750672635.8514326,inf,inf,0.7879999876022339,1.003499984741211
1750672636.384115,inf,inf,0.7879999876022339,1.0052499771118164
1750672636.784429,inf,inf,0.7900000214576721,1.0069999694824219
1750672637.272792,inf,inf,0.7887499928474426,1.0042500495910645
1750672637.805599,inf,inf,0.7882500290870667,1.0057499408721924
1750672638.3829932,inf,inf,0.7882500290870667,1.0042500495910645
1750672638.872057,inf,inf,0.7885000109672546,1.006500005722046
1750672639.4053068,inf,inf,0.7889999747276306,1.003499984741211
1750672639.849221,inf,inf,0.7885000109672546,1.0054999589920044
1750672640.4267223,inf,inf,0.7907500267028809,1.0049999952316284
1750672641.00401,inf,inf,0.7877500057220459,1.0052499771118164
1750672641.5816302,inf,inf,0.7887499928474426,1.0042500495910645
1750672642.158747,inf,inf,0.7885000109672546,1.0067499876022339
1750672642.647165,inf,inf,0.7887499928474426,1.0042500495910645
1750672643.2253914,inf,inf,0.7897499799728394,1.0049999952316284
1750672643.8021197,inf,inf,0.7887499928474426,1.0054999589920044
1750672644.3800805,inf,inf,0.7902500033378601,1.0067499876022339
1750672644.957762,inf,inf,0.7889999747276306,1.0047500133514404
1750672645.357914,inf,inf,0.7885000109672546,1.006250023841858
1750672645.8903594,inf,inf,0.7885000109672546,1.0045000314712524
1750672646.3792665,inf,inf,0.7900000214576721,1.003999948501587
1750672646.9568965,inf,inf,0.7892500162124634,1.0052499771118164
1750672647.5331233,inf,inf,0.7900000214576721,1.0069999694824219
1750672648.066727,inf,inf,0.7882500290870667,1.0054999589920044
1750672648.6439626,inf,inf,0.7887499928474426,1.0042500495910645
1750672649.1331327,inf,inf,0.7870000004768372,1.003999948501587
1750672649.710606,inf,inf,0.7885000109672546,1.00600004196167
1750672650.2880335,inf,inf,0.7889999747276306,1.0049999952316284
1750672650.687976,inf,inf,0.7879999876022339,1.006500005722046
1750672651.0873716,inf,inf,0.7882500290870667,1.0054999589920044
1750672651.6651807,inf,inf,0.7882500290870667,1.0052499771118164
1750672652.197263,inf,inf,0.7904999852180481,1.0052499771118164
1750672652.775205,inf,inf,0.7882500290870667,1.0049999952316284
1750672653.3087664,inf,inf,0.7887499928474426,1.0047500133514404
1750672653.8865676,inf,inf,0.7882500290870667,1.0042500495910645
1750672654.4636538,inf,inf,0.7902500033378601,1.0072499513626099
1750672655.0411513,inf,inf,0.7887499928474426,1.0047500133514404
1750672655.5732636,inf,inf,0.7897499799728394,1.0069999694824219
1750672656.1511424,inf,inf,0.7887499928474426,1.0047500133514404
1750672656.728618,inf,inf,0.7889999747276306,1.0054999589920044
1750672657.3058538,inf,inf,0.7887499928474426,1.0052499771118164
1750672657.8396466,inf,inf,0.7897499799728394,1.0049999952316284
1750672658.416959,inf,inf,0.7885000109672546,1.0047500133514404
1750672658.9941428,inf,inf,0.7882500290870667,1.0049999952316284
1750672659.5719366,inf,inf,0.7889999747276306,1.0049999952316284
1750672660.104555,inf,inf,0.7872499823570251,1.0042500495910645
1750672660.5937798,inf,inf,0.7889999747276306,1.0054999589920044
1750672661.1710465,inf,inf,0.7885000109672546,1.0042500495910645
1750672661.7484632,inf,inf,0.7879999876022339,1.0054999589920044
1750672662.3258588,inf,inf,0.7882500290870667,1.006500005722046
1750672662.9033806,inf,inf,0.7887499928474426,1.0045000314712524
1750672663.4807343,inf,inf,0.7885000109672546,1.0045000314712524
1750672664.0584295,inf,inf,0.7885000109672546,1.0052499771118164
1750672664.6354182,inf,inf,0.7885000109672546,1.0047500133514404
1750672665.2126548,inf,inf,0.7879999876022339,1.0052499771118164
1750672665.746442,inf,inf,0.7879999876022339,1.0049999952316284
1750672666.3238285,inf,inf,0.7885000109672546,1.003250002861023
1750672666.9015083,inf,inf,0.7879999876022339,1.0052499771118164
1750672667.390031,inf,inf,0.7889999747276306,1.0052499771118164
1750672667.8335824,inf,inf,0.7879999876022339,1.00600004196167
1750672668.4111915,inf,inf,0.7887499928474426,1.0049999952316284
1750672668.9887078,inf,inf,0.7885000109672546,1.0045000314712524
1750672669.565812,inf,inf,0.7885000109672546,1.0049999952316284
1750672670.1434398,inf,inf,0.7887499928474426,1.0045000314712524
1750672670.5879674,inf,inf,0.7885000109672546,1.003999948501587
1750672671.0325089,inf,inf,0.7885000109672546,1.0054999589920044
1750672671.5654936,inf,inf,0.7879999876022339,1.0052499771118164
1750672672.1425245,inf,inf,0.7894999980926514,1.0052499771118164
1750672672.7198663,inf,inf,0.7882500290870667,1.0045000314712524
1750672673.2973244,inf,inf,0.7877500057220459,1.0052499771118164
1750672673.8309402,inf,inf,0.7897499799728394,1.0052499771118164
1750672674.4083061,inf,inf,0.7887499928474426,1.002750039100647
1750672674.9859033,inf,inf,0.7889999747276306,1.0052499771118164
1750672675.518944,inf,inf,0.7885000109672546,1.0045000314712524
1750672676.0068586,inf,inf,0.7879999876022339,1.0052499771118164
1750672676.585073,inf,inf,0.7882500290870667,1.003999948501587
1750672677.1627326,inf,inf,0.7887499928474426,1.003999948501587
1750672677.695847,inf,inf,0.7885000109672546,1.0052499771118164
1750672678.1397734,inf,inf,0.7887499928474426,1.003250002861023
1750672678.495667,inf,inf,0.7887499928474426,1.0052499771118164
1750672679.0277505,inf,inf,0.7889999747276306,1.0054999589920044
1750672679.4276583,inf,inf,0.7904999852180481,1.0069999694824219
1750672679.8719728,inf,inf,0.7904999852180481,1.0049999952316284
1750672680.4488323,inf,inf,0.7900000214576721,1.0052499771118164
1750672680.9383414,inf,inf,0.7879999876022339,1.0052499771118164
1750672681.5148797,inf,inf,0.7882500290870667,1.003999948501587
1750672682.0933185,inf,inf,0.7902500033378601,1.0047500133514404
1750672682.6700313,inf,inf,0.7900000214576721,1.0052499771118164
1750672683.2478259,inf,inf,0.7887499928474426,1.0045000314712524
1750672683.8253193,inf,inf,0.7882500290870667,1.003499984741211
1750672684.4024704,inf,inf,0.7877500057220459,1.0042500495910645
1750672684.892306,inf,inf,0.7882500290870667,1.0057499408721924
1750672685.4692101,inf,inf,0.7882500290870667,1.003999948501587
1750672685.8249831,inf,inf,0.7887499928474426,1.0052499771118164
1750672686.2690578,inf,inf,0.7885000109672546,1.003749966621399
1750672686.8461359,inf,inf,0.7879999876022339,1.0052499771118164
1750672687.3788304,inf,inf,0.7879999876022339,1.0054999589920044
1750672687.9561362,inf,inf,0.7882500290870667,1.00600004196167
1750672688.5337932,inf,inf,0.7882500290870667,1.0054999589920044
1750672689.1112137,inf,inf,0.7885000109672546,1.0042500495910645
1750672689.688539,inf,inf,0.7897499799728394,1.0069999694824219
1750672690.221558,inf,inf,0.7879999876022339,1.003499984741211
1750672690.7989583,inf,inf,0.7879999876022339,1.0052499771118164
1750672691.2875385,inf,inf,0.7882500290870667,1.003999948501587
1750672691.864878,inf,inf,0.7882500290870667,1.0045000314712524
1750672692.3984058,inf,inf,0.7885000109672546,1.003999948501587
1750672692.976273,inf,inf,0.7889999747276306,1.003999948501587
1750672693.5088453,inf,inf,0.7894999980926514,1.0047500133514404
1750672694.0866895,inf,inf,0.7879999876022339,1.0049999952316284
1750672694.6189897,inf,inf,0.7885000109672546,1.0047500133514404
1750672695.1085317,inf,inf,0.7885000109672546,1.0052499771118164
1750672695.6413007,inf,inf,0.7889999747276306,1.0052499771118164
1750672696.1294591,inf,inf,0.7882500290870667,1.003000020980835
1750672696.7074037,inf,inf,0.7885000109672546,1.0045000314712524
1750672697.284734,inf,inf,0.7882500290870667,1.0047500133514404
1750672697.729241,inf,inf,0.7885000109672546,1.00600004196167
1750672698.3059578,inf,inf,0.7902500033378601,1.0057499408721924
1750672698.7949548,inf,inf,0.7897499799728394,1.0052499771118164
1750672699.3723397,inf,inf,0.7887499928474426,1.0054999589920044
1750672699.9493911,inf,inf,0.7897499799728394,1.0049999952316284
1750672700.4387858,inf,inf,0.7897499799728394,1.0049999952316284
1750672700.9714894,inf,inf,0.7879999876022339,1.0052499771118164
1750672701.4606209,inf,inf,0.7885000109672546,1.003999948501587
1750672701.9935782,inf,inf,0.7887499928474426,1.0054999589920044
1750672702.5256038,inf,inf,0.7902500033378601,1.006500005722046
1750672703.0145407,inf,inf,0.7889999747276306,1.0049999952316284
1750672703.5475843,inf,inf,0.7882500290870667,1.0049999952316284
1750672704.1251578,inf,inf,0.7889999747276306,1.003000020980835
1750672704.702589,inf,inf,0.7897499799728394,1.0075000524520874
1750672705.2798975,inf,inf,0.7887499928474426,1.003000020980835
1750672705.7692199,inf,inf,0.7877500057220459,1.0042500495910645
1750672706.301836,inf,inf,0.7882500290870667,1.003000020980835
1750672706.7914937,inf,inf,0.7875000238418579,1.003999948501587
1750672707.3231533,inf,inf,0.7887499928474426,1.003000020980835
1750672707.7682667,inf,inf,0.7882500290870667,1.0042500495910645
1750672708.300546,inf,inf,0.7879999876022339,1.003749966621399
1750672708.8778503,inf,inf,0.7882500290870667,1.0054999589920044
1750672709.3673017,inf,inf,0.7894999980926514,1.0045000314712524
1750672709.855316,inf,inf,0.7882500290870667,1.0049999952316284
1750672710.2998626,inf,inf,0.7872499823570251,1.003499984741211
1750672710.8767672,inf,inf,0.7879999876022339,1.006250023841858
1750672711.4545977,inf,inf,0.7882500290870667,1.0052499771118164
1750672711.942823,inf,inf,0.7882500290870667,1.0045000314712524
1750672712.476395,inf,inf,0.7887499928474426,1.0052499771118164
1750672713.053362,inf,inf,0.7877500057220459,1.003749966621399
1750672713.5866225,inf,inf,0.7885000109672546,1.0054999589920044
1750672714.0752017,inf,inf,0.7879999876022339,1.002750039100647
1750672714.5637367,inf,inf,0.7885000109672546,1.0045000314712524
1750672715.007851,inf,inf,0.7902500033378601,1.0049999952316284
1750672715.496589,inf,inf,0.7882500290870667,1.0042500495910645
1750672716.0743833,inf,inf,0.7885000109672546,1.0045000314712524
1750672716.6515546,inf,inf,0.7894999980926514,1.0042500495910645
1750672717.2291338,inf,inf,0.7897499799728394,1.0047500133514404
1750672717.8069017,inf,inf,0.7882500290870667,1.00600004196167
1750672718.3841896,inf,inf,0.7889999747276306,1.0047500133514404
1750672718.9617608,inf,inf,0.7894999980926514,1.0045000314712524
1750672719.5392933,inf,inf,0.7902500033378601,1.0054999589920044
1750672719.9389153,inf,inf,0.7882500290870667,1.0054999589920044
1750672720.5164416,inf,inf,0.7882500290870667,1.0054999589920044
1750672720.9170172,inf,inf,0.7889999747276306,1.0049999952316284
1750672721.405466,inf,inf,0.7885000109672546,1.006250023841858
1750672721.982896,inf,inf,0.7885000109672546,1.003250002861023
1750672722.5593626,inf,inf,0.7885000109672546,1.003749966621399
1750672723.1378434,inf,inf,0.7902500033378601,1.0047500133514404
1750672723.714682,inf,inf,0.7900000214576721,1.006500005722046
1750672724.2922106,inf,inf,0.7885000109672546,1.0042500495910645
1750672724.8254654,inf,inf,0.7882500290870667,1.0054999589920044
1750672725.3142908,inf,inf,0.7885000109672546,1.0042500495910645
1750672725.847106,inf,inf,0.7885000109672546,1.0052499771118164
1750672726.4245296,inf,inf,0.7885000109672546,1.0045000314712524
1750672727.0016088,inf,inf,0.7882500290870667,1.0049999952316284
1750672727.4906516,inf,inf,0.7889999747276306,1.0045000314712524
1750672728.0235016,inf,inf,0.7900000214576721,1.0057499408721924
1750672728.6010196,inf,inf,0.7882500290870667,1.003250002861023
1750672729.090249,inf,inf,0.7889999747276306,1.0049999952316284
1750672729.6674926,inf,inf,0.7882500290870667,1.003749966621399
1750672730.244761,inf,inf,0.7900000214576721,1.00600004196167
1750672730.6894362,inf,inf,0.7885000109672546,1.0049999952316284
1750672731.2665868,inf,inf,0.7897499799728394,1.0042500495910645
1750672731.8438947,inf,inf,0.7882500290870667,1.0049999952316284
1750672732.4217017,inf,inf,0.7887499928474426,1.003000020980835
1750672732.9987328,inf,inf,0.7882500290870667,1.0047500133514404
1750672733.576249,inf,inf,0.7882500290870667,1.0052499771118164
1750672734.153459,inf,inf,0.7887499928474426,1.003250002861023
1750672734.73091,inf,inf,0.7885000109672546,1.003999948501587
1750672735.3085892,inf,inf,0.7887499928474426,1.003250002861023
1750672735.7975469,inf,inf,0.7885000109672546,1.0054999589920044
1750672736.3304203,inf,inf,0.7885000109672546,1.0054999589920044
1750672736.8191931,inf,inf,0.7885000109672546,1.0045000314712524
1750672737.3966115,inf,inf,0.7902500033378601,1.0057499408721924
1750672737.9736195,inf,inf,0.7887499928474426,1.0045000314712524
1750672738.3739166,inf,inf,0.7897499799728394,1.0057499408721924
1750672738.9512913,inf,inf,0.7892500162124634,1.0042500495910645
1750672739.5286973,inf,inf,0.7885000109672546,1.0045000314712524
1750672739.9283993,inf,inf,0.7900000214576721,1.0067499876022339
1750672740.50588,inf,inf,0.7892500162124634,1.0045000314712524
1750672741.0385458,inf,inf,0.7885000109672546,1.0047500133514404
1750672741.6159732,inf,inf,0.7887499928474426,1.0049999952316284
1750672742.149618,inf,inf,0.7892500162124634,1.0042500495910645
1750672742.7272627,inf,inf,0.7885000109672546,1.0057499408721924
1750672743.3048437,inf,inf,0.7907500267028809,1.0067499876022339
1750672743.8819044,inf,inf,0.7889999747276306,1.0047500133514404
1750672744.4592762,inf,inf,0.7882500290870667,1.003749966621399
1750672745.0366251,inf,inf,0.7889999747276306,1.003250002861023
1750672745.614173,inf,inf,0.7885000109672546,1.0052499771118164
1750672746.0586014,inf,inf,0.7879999876022339,1.0045000314712524
1750672746.6358123,inf,inf,0.7879999876022339,1.0052499771118164
1750672747.2132752,inf,inf,0.7885000109672546,1.0054999589920044
1750672747.7908432,inf,inf,0.7907500267028809,1.0054999589920044
1750672748.3232667,inf,inf,0.7887499928474426,1.0052499771118164
1750672748.8118892,inf,inf,0.7882500290870667,1.0047500133514404
1750672749.3451114,inf,inf,0.7872499823570251,1.0042500495910645
1750672749.7447765,inf,inf,0.7887499928474426,1.0049999952316284
1750672750.2338731,inf,inf,0.7877500057220459,1.0049999952316284
1750672750.8110297,inf,inf,0.7887499928474426,1.0052499771118164
1750672751.3884602,inf,inf,0.7879999876022339,1.0054999589920044
1750672751.9663336,inf,inf,0.7894999980926514,1.003999948501587
1750672752.5432317,inf,inf,0.7875000238418579,1.003999948501587
1750672753.076114,inf,inf,0.7887499928474426,1.006250023841858
1750672753.653984,inf,inf,0.7879999876022339,1.0049999952316284
1750672754.1878598,inf,inf,0.7879999876022339,1.0042500495910645
